t_s,fused_yaw_deg,ahrs_yaw_deg,raw_vyaw_deg_s,ahrs_vyaw_deg_s,mag_x,mag_y,mag_z,mag_magnitude,x_m,y_m,is_checkpoint,checkpoint_idx,gt_x,gt_y,gt_error_m
0.000,0.0367,92.6582,-0.0314,-0.0455,0.000035,0.000002,-0.000018,0.000039,0.0000,0.0000,0,,,,
0.002,0.0382,92.6582,-0.0498,0.0909,0.000035,0.000002,-0.000018,0.000039,0.0000,0.0000,0,,,,
0.004,0.0383,92.6582,0.0514,0.2128,0.000035,0.000002,-0.000018,0.000039,0.0000,0.0000,0,,,,
0.026,0.0368,92.6580,-0.0106,-0.0218,0.000035,0.000002,-0.000018,0.000039,0.0000,0.0000,0,,,,
0.050,0.0336,92.6580,-0.0782,-0.1779,0.000035,0.000002,-0.000018,0.000039,0.0000,0.0000,0,,,,
0.074,0.0344,92.6580,0.0110,-0.1490,0.000035,0.000002,-0.000018,0.000039,0.0000,0.0000,0,,,,
0.099,0.0354,92.6580,0.0582,0.1104,0.000035,0.000002,-0.000018,0.000039,0.0000,0.0000,0,,,,
0.124,0.0359,92.6580,0.0993,0.1062,0.000035,0.000002,-0.000018,0.000039,0.0000,0.0000,0,,,,
0.149,0.0366,92.6580,0.0281,-0.0078,0.000035,0.000002,-0.000018,0.000039,0.0000,0.0000,0,,,,
0.174,0.0370,92.6580,0.0602,0.0082,0.000035,0.000002,-0.000018,0.000039,0.0000,0.0000,0,,,,
0.199,0.0359,92.6580,0.0355,0.0053,0.000035,0.000002,-0.000018,0.000039,0.0000,0.0000,0,,,,
0.224,0.0350,92.6580,0.0066,0.0000,0.000035,0.000002,-0.000018,0.000039,0.0000,0.0000,0,,,,
0.249,0.0350,92.6580,0.0390,0.1448,0.000035,0.000002,-0.000018,0.000039,0.0004,0.0000,0,,,,
0.274,0.0348,92.6573,-0.0624,0.1160,0.000035,0.000002,-0.000018,0.000039,0.0004,0.0000,0,,,,
0.298,0.0354,92.6573,0.0094,-0.1192,0.000035,0.000002,-0.000018,0.000039,0.0008,0.0000,0,,,,
0.323,0.0329,92.6573,-0.2790,-0.3082,0.000035,0.000002,-0.000018,0.000039,0.0009,0.0000,0,,,,
0.349,0.0285,92.6573,-0.2567,-0.2856,0.000035,0.000002,-0.000018,0.000039,0.0014,0.0000,0,,,,
0.373,0.0308,92.6573,-0.0734,-0.0904,0.000035,0.000002,-0.000018,0.000039,0.0016,0.0000,0,,,,
0.399,0.0324,92.6573,0.1378,0.1465,0.000035,0.000002,-0.000018,0.000039,0.0020,0.0000,0,,,,
0.424,0.0369,92.6573,0.4217,0.5517,0.000035,0.000002,-0.000018,0.000039,0.0022,0.0000,0,,,,
0.449,0.0419,92.6573,0.4086,0.2850,0.000035,0.000002,-0.000018,0.000039,0.0027,0.0000,0,,,,
0.473,0.0401,92.6573,-0.0798,-0.1272,0.000035,0.000002,-0.000018,0.000039,0.0029,0.0000,0,,,,
0.499,0.0336,92.6573,-0.3658,-0.3324,0.000035,0.000002,-0.000018,0.000039,0.0032,0.0000,0,,,,
0.523,0.0301,92.6585,-0.4422,-0.5773,0.000035,0.000001,-0.000018,0.000039,0.0035,0.0000,0,,,,
0.549,0.0218,92.6491,-0.6945,-0.4676,0.000035,0.000002,-0.000018,0.000039,0.0039,0.0000,0,,,,
0.573,0.0138,92.6374,-0.4185,-0.5156,0.000035,0.000002,-0.000018,0.000039,0.0041,0.0000,0,,,,
0.598,0.0060,92.6299,-0.1811,-0.1582,0.000035,0.000002,-0.000018,0.000039,0.0045,0.0000,0,,,,
0.624,0.0079,92.6311,0.0764,0.3509,0.000035,0.000002,-0.000018,0.000039,0.0047,0.0000,0,,,,
0.649,0.0155,92.6366,0.3374,0.3838,0.000035,0.000001,-0.000018,0.000039,0.0051,0.0000,0,,,,
0.674,0.0200,92.6422,0.1330,0.1876,0.000035,0.000001,-0.000018,0.000039,0.0054,0.0000,0,,,,
0.698,0.0230,92.6447,0.1141,0.0300,0.000035,0.000001,-0.000018,0.000039,0.0059,0.0000,0,,,,
0.724,0.0230,92.6441,-0.0902,-0.0105,0.000035,0.000001,-0.000018,0.000039,0.0061,0.0000,0,,,,
0.749,0.0192,92.6419,-0.0763,-0.2121,0.000035,0.000001,-0.000018,0.000039,0.0066,0.0000,0,,,,
0.774,0.0186,92.6415,0.0830,0.0813,0.000035,0.000001,-0.000018,0.000039,0.0070,0.0000,0,,,,
0.799,0.0201,92.6427,0.1627,0.0336,0.000035,0.000001,-0.000018,0.000039,0.0075,0.0000,0,,,,
0.824,0.0238,92.6466,-0.0094,-0.1774,0.000035,0.000001,-0.000018,0.000039,0.0079,0.0000,0,,,,
0.849,0.0284,92.6516,0.1881,0.5071,0.000035,0.000001,-0.000018,0.000039,0.0086,0.0000,0,,,,
0.873,0.0428,92.6676,0.9949,1.0676,0.000035,0.000001,-0.000018,0.000039,0.0089,0.0000,0,,,,
0.899,0.0727,92.6944,0.8819,0.9058,0.000035,0.000001,-0.000018,0.000039,0.0094,0.0000,0,,,,
0.924,0.0875,92.7074,0.5590,0.4257,0.000035,0.000001,-0.000018,0.000039,0.0098,0.0000,0,,,,
0.948,0.0888,92.7104,-0.4098,-0.5930,0.000035,0.000001,-0.000018,0.000039,0.0102,0.0000,0,,,,
0.974,0.0628,92.6835,-0.9156,-0.9522,0.000035,0.000001,-0.000018,0.000039,0.0107,0.0000,0,,,,
0.999,0.0473,92.6701,-0.2041,0.3374,0.000035,0.000001,-0.000018,0.000039,0.0113,0.0000,0,,,,
1.023,0.0633,92.6893,1.3279,1.2445,0.000035,0.000001,-0.000018,0.000039,0.0117,0.0000,0,,,,
1.049,0.1066,92.7290,1.3924,1.2683,0.000035,0.000001,-0.000018,0.000039,0.0121,0.0000,0,,,,
1.075,0.1293,92.7477,0.2733,0.1416,0.000035,0.000001,-0.000018,0.000039,0.0125,0.0000,0,,,,
1.099,0.1146,92.7236,-1.7995,-1.8596,0.000035,0.000001,-0.000018,0.000039,0.0133,0.0000,0,,,,
1.123,0.0627,92.6821,-2.0493,-2.0810,0.000035,0.000001,-0.000018,0.000039,0.0138,0.0000,0,,,,
1.149,0.0016,92.6258,-1.7932,-1.7439,0.000035,0.000001,-0.000018,0.000039,0.0149,0.0000,0,,,,
1.174,-0.0203,92.6054,-0.6511,-0.7426,0.000035,0.000001,-0.000018,0.000039,0.0154,0.0000,0,,,,
1.199,-0.0269,92.5991,0.0555,0.5788,0.000035,0.000001,-0.000018,0.000039,0.0166,0.0000,0,,,,
1.223,-0.0083,92.6165,1.1583,1.1693,0.000035,0.000001,-0.000018,0.000039,0.0172,0.0000,0,,,,
1.249,0.0207,92.6479,0.4931,0.3473,0.000034,0.000001,-0.000018,0.000039,0.0187,0.0000,0,,,,
1.274,0.0303,92.6548,-0.1735,-0.2560,0.000035,0.000001,-0.000018,0.000039,0.0196,0.0000,0,,,,
1.299,0.0185,92.6421,-0.4541,-0.3537,0.000035,0.000001,-0.000018,0.000039,0.0217,0.0000,0,,,,
1.323,0.0136,92.6358,-0.0206,-0.0902,0.000035,0.000001,-0.000018,0.000039,0.0225,0.0000,0,,,,
1.350,0.0104,92.6311,-0.1779,-0.0579,0.000035,0.000001,-0.000018,0.000039,0.0251,0.0000,0,,,,
1.374,0.0115,92.6337,-0.4126,-0.3741,0.000035,0.000001,-0.000017,0.000039,0.0261,0.0000,0,,,,
1.399,-0.0129,92.6133,-1.0589,-1.1538,0.000035,0.000001,-0.000017,0.000039,0.0294,0.0000,0,,,,
1.424,-0.0549,92.5636,-2.3557,-2.3304,0.000035,0.000001,-0.000017,0.000039,0.0311,0.0000,0,,,,
1.448,-0.1276,92.4952,-2.2418,-1.9721,0.000034,0.000001,-0.000017,0.000039,0.0358,0.0000,0,,,,
1.474,-0.1590,92.4668,-1.4174,-0.7040,0.000034,0.000001,-0.000017,0.000038,0.0376,0.0000,0,,,,
1.499,-0.1721,92.4524,-0.3298,-0.2022,0.000034,0.000001,-0.000017,0.000038,0.0431,-0.0000,0,,,,
1.524,-0.1743,92.4536,-0.0639,0.0357,0.000034,0.000001,-0.000017,0.000038,0.0453,-0.0000,0,,,,
1.549,-0.1745,92.4478,-0.2769,-0.4301,0.000034,0.000001,-0.000017,0.000038,0.0512,-0.0000,0,,,,
1.574,-0.1817,92.4415,-0.2872,-0.2338,0.000034,0.000001,-0.000017,0.000038,0.0546,-0.0000,0,,,,
1.598,-0.1937,92.4281,-0.5128,-0.3822,0.000034,0.000000,-0.000017,0.000038,0.0619,-0.0001,0,,,,
1.625,-0.2028,92.4163,-0.5919,-0.7272,0.000033,0.000000,-0.000017,0.000037,0.0651,-0.0001,0,,,,
1.649,-0.2270,92.3931,-0.8173,-1.4432,0.000033,-0.000000,-0.000017,0.000037,0.0724,-0.0001,0,,,,
1.674,-0.2640,92.3572,-1.9602,-2.1001,0.000033,-0.000000,-0.000017,0.000037,0.0761,-0.0001,0,,,,
1.698,-0.3147,92.3177,-1.9762,-1.8664,0.000032,-0.000000,-0.000017,0.000036,0.0820,-0.0001,0,,,,
1.724,-0.3417,92.2650,-1.6280,-1.7378,0.000032,-0.000000,-0.000016,0.000036,0.0850,-0.0001,0,,,,
1.749,-0.4146,92.2065,-2.1163,-2.1899,0.000032,-0.000000,-0.000016,0.000036,0.0934,-0.0002,0,,,,
1.774,-0.4422,92.1914,-1.4750,-1.5402,0.000032,-0.000001,-0.000016,0.000036,0.0975,-0.0002,0,,,,
1.799,-0.4741,92.1529,-1.1944,-0.9951,0.000032,-0.000001,-0.000016,0.000036,0.1030,-0.0003,0,,,,
1.826,-0.4918,92.1239,-0.8397,-0.8609,0.000031,-0.000001,-0.000016,0.000035,0.1071,-0.0003,0,,,,
1.849,-0.5124,92.1159,-0.8601,-0.8906,0.000031,-0.000001,-0.000016,0.000035,0.1107,-0.0003,0,,,,
1.874,-0.5395,92.0827,-1.0599,-0.9293,0.000031,-0.000001,-0.000016,0.000035,0.1156,-0.0004,0,,,,
1.898,-0.5594,92.0639,-0.4349,0.0812,0.000031,-0.000001,-0.000016,0.000035,0.1198,-0.0004,0,,,,
1.923,-0.5502,92.0748,1.0366,0.8463,0.000031,-0.000001,-0.000016,0.000035,0.1236,-0.0005,0,,,,
1.949,-0.5078,92.1161,1.5079,1.9306,0.000031,-0.000001,-0.000016,0.000035,0.1273,-0.0005,0,,,,
1.977,-0.4673,92.1768,2.1828,1.7706,0.000031,-0.000002,-0.000016,0.000035,0.1309,-0.0005,0,,,,
2.001,-0.4206,92.2041,0.8040,0.6767,0.000030,-0.000002,-0.000016,0.000034,0.1339,-0.0006,0,,,,
2.025,-0.3941,92.2390,-0.1143,-0.1943,0.000030,-0.000002,-0.000016,0.000034,0.1382,-0.0006,0,,,,
2.051,-0.3990,92.2207,-0.8084,-0.9466,0.000030,-0.000002,-0.000016,0.000034,0.1414,-0.0006,0,,,,
2.075,-0.4239,92.1978,-1.1371,-1.2888,0.000030,-0.000002,-0.000016,0.000034,0.1453,-0.0006,0,,,,
2.102,-0.4535,92.1715,-0.7802,-0.2631,0.000030,-0.000002,-0.000016,0.000034,0.1494,-0.0007,0,,,,
2.126,-0.4541,92.1788,0.5306,1.0255,0.000030,-0.000002,-0.000016,0.000034,0.1526,-0.0007,0,,,,
2.150,-0.4307,92.1883,1.0841,1.0387,0.000030,-0.000002,-0.000016,0.000034,0.1564,-0.0007,0,,,,
2.175,-0.3992,92.2264,1.5253,1.4984,0.000030,-0.000002,-0.000016,0.000034,0.1603,-0.0008,0,,,,
2.200,-0.3579,92.2781,1.9131,1.7219,0.000030,-0.000002,-0.000016,0.000034,0.1642,-0.0008,0,,,,
2.225,-0.3117,92.3126,1.5342,1.4743,0.000030,-0.000003,-0.000016,0.000034,0.1682,-0.0008,0,,,,
2.252,-0.2746,92.3540,1.3688,1.1199,0.000029,-0.000003,-0.000015,0.000033,0.1722,-0.0008,0,,,,
2.275,-0.2283,92.4190,0.9098,0.9013,0.000029,-0.000003,-0.000015,0.000033,0.1763,-0.0008,0,,,,
2.300,-0.2013,92.4251,0.5834,0.3699,0.000029,-0.000003,-0.000015,0.000033,0.1801,-0.0009,0,,,,
2.325,-0.1824,92.4414,0.6202,0.6846,0.000029,-0.000003,-0.000015,0.000033,0.1841,-0.0009,0,,,,
2.351,-0.1626,92.4681,0.9288,1.0675,0.000029,-0.000003,-0.000015,0.000033,0.1879,-0.0009,0,,,,
2.374,-0.1266,92.4975,1.6493,1.5469,0.000028,-0.000003,-0.000015,0.000033,0.1920,-0.0009,0,,,,
2.400,-0.0825,92.5481,1.6941,1.4363,0.000028,-0.000004,-0.000015,0.000033,0.1957,-0.0009,0,,,,
2.426,-0.0443,92.5899,1.2966,1.1802,0.000028,-0.000004,-0.000015,0.000032,0.1996,-0.0009,0,,,,
2.450,-0.0171,92.5999,0.9899,0.8025,0.000028,-0.000004,-0.000016,0.000032,0.2034,-0.0009,0,,,,
2.475,0.0099,92.6320,1.2049,1.1985,0.000028,-0.000004,-0.000016,0.000032,0.2075,-0.0009,0,,,,
2.500,0.0355,92.6586,0.8226,0.5994,0.000028,-0.000004,-0.000016,0.000032,0.2111,-0.0009,0,,,,
2.524,0.0721,92.7139,-0.0091,-0.1332,0.000028,-0.000005,-0.000016,0.000032,0.2152,-0.0009,0,,,,
2.550,0.0815,92.7117,-0.0538,-0.2261,0.000028,-0.000005,-0.000015,0.000032,0.2198,-0.0009,0,,,,
2.574,0.0817,92.7093,-0.2616,-0.3825,0.000027,-0.000005,-0.000015,0.000032,0.2214,-0.0009,0,,,,
2.600,0.0860,92.7151,0.6574,0.8043,0.000027,-0.000005,-0.000015,0.000032,0.2268,-0.0009,0,,,,
2.625,0.1055,92.7299,0.7411,0.7132,0.000027,-0.000005,-0.000015,0.000032,0.2309,-0.0009,0,,,,
2.649,0.1332,92.7569,0.9592,1.4299,0.000027,-0.000005,-0.000015,0.000032,0.2358,-0.0009,0,,,,
2.674,0.1714,92.7951,2.4996,2.5325,0.000027,-0.000005,-0.000016,0.000032,0.2391,-0.0008,0,,,,
2.700,0.2385,92.8727,2.6710,2.4080,0.000027,-0.000005,-0.000016,0.000032,0.2440,-0.0008,0,,,,
2.724,0.2947,92.9162,2.1915,2.1831,0.000027,-0.000006,-0.000016,0.000032,0.2483,-0.0008,0,,,,
2.751,0.3469,92.9800,1.9942,2.1381,0.000027,-0.000006,-0.000016,0.000032,0.2535,-0.0008,0,,,,
2.774,0.4256,93.0723,1.5586,1.4753,0.000027,-0.000006,-0.000016,0.000032,0.2581,-0.0008,0,,,,
2.799,0.4745,93.1152,1.2825,1.1975,0.000027,-0.000006,-0.000016,0.000031,0.2643,-0.0007,0,,,,
2.825,0.5095,93.1333,0.6236,0.7457,0.000027,-0.000006,-0.000016,0.000031,0.2692,-0.0007,0,,,,
2.852,0.5313,93.1631,1.5009,1.6859,0.000026,-0.000006,-0.000016,0.000031,0.2762,-0.0006,0,,,,
2.874,0.5640,93.1833,0.6299,0.4843,0.000026,-0.000006,-0.000016,0.000031,0.2815,-0.0006,0,,,,
2.902,0.5772,93.2029,0.8086,0.7668,0.000026,-0.000007,-0.000016,0.000031,0.2887,-0.0005,0,,,,
2.924,0.5987,93.2206,1.0465,1.0613,0.000026,-0.000007,-0.000016,0.000031,0.2945,-0.0004,0,,,,
2.950,0.6252,93.2463,0.7358,0.7415,0.000026,-0.000007,-0.000016,0.000031,0.3036,-0.0004,0,,,,
2.975,0.6445,93.2679,1.4647,1.2991,0.000025,-0.000007,-0.000016,0.000031,0.3086,-0.0003,0,,,,
2.999,0.7016,93.3255,2.1132,2.3138,0.000025,-0.000007,-0.000016,0.000031,0.3179,-0.0002,0,,,,
3.024,0.7821,93.4363,2.1489,2.1215,0.000025,-0.000008,-0.000016,0.000030,0.3232,-0.0001,0,,,,
3.050,0.8551,93.5053,2.2984,2.0921,0.000025,-0.000008,-0.000016,0.000030,0.3314,-0.0000,0,,,,
3.075,0.9183,93.5469,2.3134,2.2354,0.000024,-0.000008,-0.000016,0.000030,0.3384,0.0001,0,,,,
3.099,0.9871,93.6103,1.9135,2.3644,0.000024,-0.000008,-0.000016,0.000030,0.3481,0.0003,0,,,,
3.124,1.0433,93.6679,3.1807,3.2032,0.000024,-0.000009,-0.000016,0.000030,0.3540,0.0004,0,,,,
3.149,1.1319,93.7539,2.7719,2.4987,0.000024,-0.000009,-0.000016,0.000030,0.3628,0.0005,0,,,,
3.175,1.1719,93.7924,1.8790,1.7955,0.000023,-0.000009,-0.000016,0.000030,0.3688,0.0006,0,,,,
3.199,1.2143,93.8273,1.5113,1.6185,0.000023,-0.000009,-0.000017,0.000030,0.3760,0.0008,0,,,,
3.225,1.2372,93.8602,1.8741,1.6875,0.000023,-0.000010,-0.000017,0.000030,0.3836,0.0010,0,,,,
3.250,1.2954,93.9352,2.6982,2.4088,0.000023,-0.000010,-0.000017,0.000030,0.3906,0.0011,0,,,,
3.274,1.4050,94.0681,2.2004,2.2156,0.000022,-0.000010,-0.000017,0.000030,0.3981,0.0013,0,,,,
3.299,1.4782,94.1090,1.8862,1.9728,0.000022,-0.000010,-0.000017,0.000030,0.4047,0.0015,0,,,,
3.325,1.5309,94.1562,0.9580,0.8309,0.000022,-0.000010,-0.000017,0.000030,0.4121,0.0017,0,,,,
3.350,1.5497,94.1783,1.1822,1.1676,0.000022,-0.000011,-0.000017,0.000030,0.4187,0.0018,0,,,,
3.375,1.5905,94.2166,2.4463,2.5073,0.000022,-0.000011,-0.000017,0.000030,0.4261,0.0020,0,,,,
3.400,1.6561,94.2902,2.4258,2.1242,0.000022,-0.000011,-0.000017,0.000030,0.4325,0.0022,0,,,,
3.425,1.7129,94.3345,2.2118,2.3407,0.000021,-0.000011,-0.000017,0.000030,0.4398,0.0024,0,,,,
3.449,1.7690,94.3884,1.5916,0.9323,0.000021,-0.000012,-0.000017,0.000030,0.4471,0.0027,0,,,,
3.474,1.7780,94.3968,0.2920,0.2078,0.000021,-0.000012,-0.000017,0.000030,0.4528,0.0028,0,,,,
3.499,1.7872,94.4051,0.8145,0.7829,0.000021,-0.000012,-0.000017,0.000030,0.4587,0.0030,0,,,,
3.524,1.8625,94.5307,0.7403,0.8962,0.000021,-0.000012,-0.000018,0.000030,0.4657,0.0033,0,,,,
3.550,1.8971,94.5398,0.1494,-0.2595,0.000021,-0.000012,-0.000018,0.000030,0.4715,0.0035,0,,,,
3.574,1.9058,94.5351,-0.2890,-0.3761,0.000021,-0.000012,-0.000018,0.000030,0.4784,0.0037,0,,,,
3.600,1.9062,94.5303,0.0043,0.0553,0.000020,-0.000012,-0.000018,0.000030,0.4850,0.0039,0,,,,
3.625,1.9149,94.5398,1.1763,1.1284,0.000020,-0.000013,-0.000018,0.000030,0.4903,0.0041,0,,,,
3.650,1.9574,94.5936,2.1016,2.2039,0.000020,-0.000013,-0.000018,0.000030,0.4959,0.0043,0,,,,
3.674,2.0083,94.6280,1.0629,0.9511,0.000020,-0.000013,-0.000018,0.000030,0.5024,0.0045,0,,,,
3.700,2.0244,94.6436,0.3785,-0.0355,0.000020,-0.000013,-0.000018,0.000030,0.5081,0.0047,0,,,,
3.724,2.0111,94.6288,-1.1811,-1.0994,0.000020,-0.000013,-0.000018,0.000030,0.5145,0.0049,0,,,,
3.750,1.9742,94.5864,-1.4565,-1.1928,0.000020,-0.000013,-0.000018,0.000030,0.5197,0.0051,0,,,,
3.775,2.0043,94.6778,-0.1897,-0.2878,0.000020,-0.000013,-0.000018,0.000030,0.5260,0.0053,0,,,,
3.800,2.0466,94.7024,1.1245,1.1258,0.000019,-0.000014,-0.000018,0.000030,0.5319,0.0055,0,,,,
3.825,2.0889,94.7175,0.3399,0.2971,0.000019,-0.000014,-0.000018,0.000030,0.5381,0.0058,0,,,,
3.849,2.1016,94.7254,0.3749,0.1462,0.000019,-0.000014,-0.000019,0.000030,0.5451,0.0060,0,,,,
3.875,2.0994,94.7205,-0.3928,-0.5474,0.000019,-0.000014,-0.000019,0.000030,0.5500,0.0062,0,,,,
3.899,2.0850,94.7061,-0.4698,-0.5171,0.000019,-0.000014,-0.000019,0.000030,0.5565,0.0064,0,,,,
3.924,2.0837,94.7075,0.6115,0.7436,0.000019,-0.000014,-0.000019,0.000030,0.5613,0.0066,0,,,,
3.950,2.1131,94.7474,1.4148,1.3921,0.000019,-0.000014,-0.000019,0.000030,0.5674,0.0068,0,,,,
3.975,2.1411,94.7610,0.1754,0.2550,0.000019,-0.000014,-0.000019,0.000030,0.5736,0.0071,0,,,,
4.000,2.1438,94.7661,0.1814,-0.0468,0.000019,-0.000015,-0.000019,0.000030,0.5808,0.0073,0,,,,
4.025,2.2007,94.8757,-0.5260,-0.4769,0.000019,-0.000015,-0.000019,0.000030,0.5857,0.0075,0,,,,
4.050,2.2164,94.8545,-0.7960,-0.8172,0.000018,-0.000015,-0.000019,0.000030,0.5928,0.0078,0,,,,
4.074,2.2159,94.8498,0.5540,0.3862,0.000018,-0.000015,-0.000019,0.000031,0.5977,0.0080,0,,,,
4.102,2.2425,94.8760,0.3626,0.5359,0.000018,-0.000015,-0.000019,0.000031,0.6044,0.0083,0,,,,
4.125,2.2517,94.8731,-0.4431,-0.5269,0.000018,-0.000015,-0.000020,0.000031,0.6107,0.0085,0,,,,
4.150,2.2382,94.8633,-0.7276,-0.6742,0.000018,-0.000015,-0.000020,0.000031,0.6170,0.0088,0,,,,
4.174,2.2009,94.8183,-1.9024,-1.9067,0.000018,-0.000015,-0.000020,0.000031,0.6232,0.0090,0,,,,
4.199,2.1396,94.7616,-1.8435,-1.1235,0.000018,-0.000015,-0.000020,0.000031,0.6307,0.0093,0,,,,
4.224,2.1277,94.7524,-0.0183,-0.0787,0.000018,-0.000016,-0.000020,0.000031,0.6358,0.0095,0,,,,
4.250,2.1236,94.7395,-1.0999,-0.9094,0.000017,-0.000016,-0.000020,0.000031,0.6426,0.0097,0,,,,
4.275,2.1470,94.8326,-1.9103,-2.0300,0.000017,-0.000016,-0.000020,0.000031,0.6463,0.0099,0,,,,
4.301,2.1271,94.7601,-2.4805,-2.8577,0.000017,-0.000016,-0.000020,0.000031,0.6552,0.0102,0,,,,
4.324,2.0758,94.7068,-2.1816,-2.2356,0.000017,-0.000016,-0.000020,0.000031,0.6617,0.0104,0,,,,
4.350,2.0387,94.6681,-0.9321,-0.2028,0.000017,-0.000016,-0.000020,0.000031,0.6694,0.0107,0,,,,
4.374,2.0383,94.6631,-0.5772,-0.5295,0.000017,-0.000016,-0.000020,0.000031,0.6746,0.0109,0,,,,
4.401,2.0155,94.6246,-1.5316,-2.6339,0.000017,-0.000016,-0.000020,0.000031,0.6814,0.0111,0,,,,
4.426,1.9518,94.5727,-2.7589,-2.5638,0.000017,-0.000016,-0.000020,0.000031,0.6879,0.0114,0,,,,
4.451,1.8582,94.4561,-4.2652,-4.3082,0.000017,-0.000016,-0.000020,0.000031,0.6945,0.0116,0,,,,
4.475,1.7535,94.3771,-2.7672,-2.9961,0.000017,-0.000016,-0.000020,0.000031,0.7008,0.0118,0,,,,
4.500,1.7002,94.3292,-1.2672,-0.9285,0.000016,-0.000016,-0.000020,0.000031,0.7082,0.0120,0,,,,
4.526,1.7612,94.4513,0.0973,-0.1830,0.000016,-0.000016,-0.000020,0.000031,0.7135,0.0122,0,,,,
4.550,1.7989,94.4610,0.8386,0.6870,0.000016,-0.000017,-0.000020,0.000031,0.7192,0.0124,0,,,,
4.576,1.8430,94.4784,0.9187,0.9430,0.000016,-0.000017,-0.000020,0.000031,0.7256,0.0126,0,,,,
4.599,1.8741,94.5107,1.2098,1.6063,0.000016,-0.000017,-0.000020,0.000031,0.7307,0.0127,0,,,,
4.624,1.9252,94.5548,2.8950,2.6228,0.000016,-0.000017,-0.000020,0.000031,0.7367,0.0129,0,,,,
4.650,2.0067,94.6433,2.9450,2.8012,0.000016,-0.000017,-0.000020,0.000031,0.7422,0.0131,0,,,,
4.675,2.0734,94.6949,1.9631,2.0691,0.000016,-0.000017,-0.000020,0.000031,0.7477,0.0133,0,,,,
4.702,2.1007,94.7143,-0.6303,-0.6041,0.000016,-0.000017,-0.000021,0.000031,0.7536,0.0135,0,,,,
4.725,2.0745,94.6921,-1.4454,-1.5732,0.000016,-0.000017,-0.000021,0.000031,0.7595,0.0137,0,,,,
4.749,2.0268,94.6354,-1.9628,-1.7935,0.000016,-0.000017,-0.000021,0.000031,0.7650,0.0139,0,,,,
4.775,2.0611,94.7477,-0.5843,-0.6364,0.000015,-0.000017,-0.000021,0.000031,0.7709,0.0142,0,,,,
4.799,2.0944,94.7387,-0.2387,-0.1214,0.000016,-0.000017,-0.000021,0.000031,0.7783,0.0144,0,,,,
4.824,2.1060,94.7399,0.2173,0.2335,0.000015,-0.000017,-0.000021,0.000031,0.7831,0.0146,0,,,,
4.849,2.1199,94.7473,0.3130,0.2055,0.000015,-0.000017,-0.000021,0.000031,0.7898,0.0149,0,,,,
4.875,2.1315,94.7543,0.3247,0.4610,0.000015,-0.000017,-0.000021,0.000031,0.7959,0.0151,0,,,,
4.899,2.1480,94.7786,1.0960,1.8044,0.000015,-0.000017,-0.000021,0.000031,0.8027,0.0153,0,,,,
4.925,2.1968,94.8211,2.3684,2.5415,0.000015,-0.000017,-0.000021,0.000031,0.8088,0.0156,0,,,,
4.949,2.2686,94.8910,2.3635,1.9942,0.000015,-0.000018,-0.000021,0.000031,0.8177,0.0159,0,,,,
4.974,2.2988,94.9178,0.9950,1.0056,0.000015,-0.000018,-0.000021,0.000031,0.8229,0.0161,0,,,,
4.999,2.3121,94.9304,0.0573,-0.1686,0.000015,-0.000018,-0.000021,0.000031,0.8314,0.0165,0,,,,
5.025,2.3785,95.0631,0.5891,0.4080,0.000015,-0.000018,-0.000021,0.000031,0.8380,0.0167,0,,,,
5.050,2.4360,95.0938,1.1566,0.8243,0.000014,-0.000018,-0.000021,0.000031,0.8465,0.0171,0,,,,
5.074,2.4786,95.1106,0.7948,0.7536,0.000014,-0.000018,-0.000021,0.000031,0.8538,0.0174,0,,,,
5.100,2.5125,95.1395,1.0974,0.7736,0.000014,-0.000018,-0.000021,0.000031,0.8644,0.0179,0,,,,
5.124,2.5211,95.1450,0.3705,0.2362,0.000014,-0.000018,-0.000021,0.000031,0.8675,0.0180,0,,,,
5.150,2.5531,95.1881,1.6908,1.6610,0.000014,-0.000018,-0.000021,0.000031,0.8797,0.0185,0,,,,
5.174,2.5896,95.2120,0.8966,0.9978,0.000014,-0.000018,-0.000021,0.000031,0.8876,0.0189,0,,,,
5.199,2.6048,95.2244,0.3569,0.0108,0.000014,-0.000018,-0.000021,0.000031,0.8968,0.0193,0,,,,
5.224,2.5919,95.2096,-0.9727,-1.0778,0.000014,-0.000018,-0.000021,0.000031,0.9047,0.0197,0,,,,
5.251,2.5784,95.2012,0.0641,0.4521,0.000013,-0.000018,-0.000021,0.000031,0.9155,0.0201,0,,,,
5.275,2.6537,95.3398,-0.0473,-0.0121,0.000013,-0.000018,-0.000021,0.000031,0.9223,0.0205,0,,,,
5.302,2.6918,95.3448,0.2084,0.0611,0.000013,-0.000018,-0.000021,0.000031,0.9327,0.0209,0,,,,
5.326,2.7178,95.3522,0.9611,0.8356,0.000013,-0.000018,-0.000021,0.000031,0.9415,0.0214,0,,,,
5.349,2.7696,95.4140,2.5274,2.7037,0.000013,-0.000019,-0.000021,0.000031,0.9515,0.0218,0,,,,
5.376,2.8404,95.4656,2.3397,2.3311,0.000013,-0.000019,-0.000021,0.000031,0.9603,0.0223,0,,,,
5.402,2.8882,95.5172,1.6387,1.5958,0.000012,-0.000019,-0.000021,0.000031,0.9701,0.0228,0,,,,
5.424,2.9267,95.5476,1.6046,1.3755,0.000012,-0.000019,-0.000021,0.000031,0.9793,0.0232,0,,,,
5.450,2.9648,95.5890,0.5743,0.6193,0.000012,-0.000019,-0.000021,0.000031,0.9887,0.0237,0,,,,
5.474,2.9729,95.5905,-0.3722,-0.3523,0.000012,-0.000019,-0.000021,0.000031,0.9983,0.0242,0,,,,
5.499,2.9580,95.5774,-0.2996,-0.3700,0.000012,-0.000019,-0.000021,0.000031,1.0075,0.0247,0,,,,
5.524,3.0206,95.7099,-0.0661,-0.2366,0.000012,-0.000019,-0.000021,0.000031,1.0159,0.0251,0,,,,
5.550,3.0708,95.7154,0.2623,-0.0666,0.000011,-0.000019,-0.000022,0.000031,1.0278,0.0258,0,,,,
5.574,3.0787,95.7095,-0.5548,-0.6428,0.000011,-0.000019,-0.000022,0.000031,1.0354,0.0262,0,,,,
5.601,3.0680,95.6923,-0.1255,-0.2562,0.000011,-0.000019,-0.000022,0.000031,1.0449,0.0267,0,,,,
5.624,3.0824,95.7128,2.3378,2.3353,0.000011,-0.000019,-0.000022,0.000031,1.0544,0.0272,0,,,,
5.649,3.1472,95.7864,2.4451,2.6129,0.000011,-0.000019,-0.000022,0.000031,1.0634,0.0277,0,,,,
5.674,3.2122,95.8338,1.8159,1.8721,0.000010,-0.000019,-0.000022,0.000031,1.0729,0.0282,0,,,,
5.700,3.2497,95.8689,1.0163,0.8439,0.000010,-0.000019,-0.000022,0.000031,1.0830,0.0288,0,,,,
5.724,3.2677,95.8883,0.5442,0.5625,0.000010,-0.000019,-0.000022,0.000031,1.0905,0.0292,0,,,,
5.752,3.2658,95.8869,-0.5685,-0.7065,0.000010,-0.000019,-0.000022,0.000031,1.0997,0.0297,0,,,,
5.780,3.3102,95.9946,-1.6582,-1.6759,0.000010,-0.000019,-0.000022,0.000031,1.1092,0.0303,0,,,,
5.807,3.3116,95.9614,-0.3787,-0.4499,0.000009,-0.000019,-0.000022,0.000030,1.1174,0.0308,0,,,,
5.829,3.3330,95.9770,0.8089,0.6380,0.000009,-0.000019,-0.000022,0.000031,1.1267,0.0313,0,,,,
5.849,3.3578,95.9835,0.4388,0.5711,0.000009,-0.000019,-0.000022,0.000031,1.1362,0.0319,0,,,,
5.876,3.3686,95.9897,0.0499,0.0593,0.000009,-0.000019,-0.000022,0.000031,1.1453,0.0324,0,,,,
5.910,3.3679,95.9919,0.5347,0.6224,0.000009,-0.000019,-0.000022,0.000031,1.1528,0.0329,0,,,,
5.925,3.3764,96.0127,1.2292,1.1945,0.000009,-0.000019,-0.000022,0.000031,1.1587,0.0332,0,,,,
5.955,3.4123,96.0351,0.1584,0.1912,0.000008,-0.000019,-0.000022,0.000031,1.1720,0.0340,0,,,,
5.974,3.4161,96.0387,0.1936,0.2727,0.000008,-0.000019,-0.000022,0.000031,1.1812,0.0345,0,,,,
5.999,3.4297,96.0534,0.5545,0.8231,0.000008,-0.000019,-0.000022,0.000031,1.1916,0.0352,0,,,,
6.025,3.5261,96.2232,0.8213,0.5890,0.000008,-0.000019,-0.000022,0.000031,1.1989,0.0356,0,,,,
6.054,3.5795,96.2338,0.2623,0.3203,0.000008,-0.000019,-0.000022,0.000031,1.2080,0.0362,0,,,,
6.074,3.6034,96.2336,-0.1276,-0.1417,0.000007,-0.000019,-0.000023,0.000031,1.2173,0.0368,0,,,,
6.100,3.6001,96.2300,-0.0842,0.4061,0.000007,-0.000019,-0.000023,0.000031,1.2259,0.0373,0,,,,
6.124,3.6153,96.2393,0.2786,0.3772,0.000007,-0.000020,-0.000023,0.000031,1.2349,0.0379,0,,,,
6.149,3.6213,96.2433,0.1328,-0.3418,0.000007,-0.000020,-0.000023,0.000031,1.2460,0.0386,0,,,,
6.175,3.6106,96.2333,-0.3045,-0.3250,0.000007,-0.000019,-0.000023,0.000031,1.2534,0.0391,0,,,,
6.202,3.6094,96.2386,0.8494,0.8118,0.000006,-0.000019,-0.000023,0.000031,1.2620,0.0396,0,,,,
6.225,3.6351,96.2605,1.1956,1.2795,0.000006,-0.000019,-0.000023,0.000031,1.2710,0.0402,0,,,,
6.249,3.6533,96.2766,0.3392,0.1464,0.000006,-0.000020,-0.000023,0.000031,1.2798,0.0407,0,,,,
6.274,3.7311,96.4212,-0.0496,0.0019,0.000006,-0.000020,-0.000023,0.000031,1.2889,0.0413,0,,,,
6.299,3.7823,96.4264,0.2959,0.9884,0.000005,-0.000020,-0.000023,0.000031,1.2995,0.0420,0,,,,
6.324,3.8126,96.4442,0.6835,0.8537,0.000005,-0.000019,-0.000023,0.000031,1.3068,0.0425,0,,,,
6.351,3.8158,96.4323,-1.0697,-1.1514,0.000005,-0.000019,-0.000024,0.000031,1.3159,0.0431,0,,,,
6.375,3.7859,96.4075,-1.3188,-1.4163,0.000005,-0.000020,-0.000024,0.000031,1.3248,0.0437,0,,,,
6.402,3.7468,96.3659,-1.4033,-0.7250,0.000005,-0.000020,-0.000024,0.000031,1.3325,0.0442,0,,,,
6.425,3.7381,96.3616,-0.2651,-0.3990,0.000004,-0.000019,-0.000024,0.000031,1.3411,0.0448,0,,,,
6.450,3.7116,96.3329,-1.2747,-1.1009,0.000004,-0.000019,-0.000024,0.000031,1.3517,0.0455,0,,,,
6.475,3.6874,96.3080,-1.2420,-1.2287,0.000004,-0.000019,-0.000024,0.000031,1.3588,0.0459,0,,,,
6.501,3.6607,96.2842,-0.2298,-0.3475,0.000003,-0.000019,-0.000024,0.000031,1.3676,0.0465,0,,,,
6.526,3.7277,96.4163,-0.7535,-0.7551,0.000003,-0.000019,-0.000024,0.000031,1.3760,0.0470,0,,,,
6.549,3.7334,96.3713,-1.7277,-2.3678,0.000003,-0.000019,-0.000024,0.000031,1.3852,0.0476,0,,,,
6.575,3.6915,96.3207,-3.0439,-3.0767,0.000003,-0.000019,-0.000025,0.000031,1.3941,0.0482,0,,,,
6.599,3.6113,96.2385,-2.4310,-1.4938,0.000003,-0.000019,-0.000025,0.000031,1.4039,0.0489,0,,,,
6.625,3.5964,96.2250,0.0113,0.1530,0.000002,-0.000019,-0.000025,0.000032,1.4110,0.0493,0,,,,
6.650,3.6132,96.2475,1.1852,1.4256,0.000002,-0.000019,-0.000025,0.000032,1.4193,0.0498,0,,,,
6.675,3.6436,96.2637,0.5394,0.4497,0.000002,-0.000019,-0.000025,0.000032,1.4279,0.0504,0,,,,
6.700,3.6608,96.2881,1.0370,1.2615,0.000002,-0.000019,-0.000025,0.000032,1.4357,0.0509,0,,,,
6.725,3.6910,96.3133,1.2478,1.3515,0.000002,-0.000019,-0.000025,0.000032,1.4444,0.0514,0,,,,
6.749,3.7000,96.3188,-0.2898,-0.5700,0.000001,-0.000019,-0.000025,0.000032,1.4544,0.0521,0,,,,
6.774,3.7537,96.4342,-2.0714,-2.2445,0.000001,-0.000019,-0.000026,0.000032,1.4613,0.0525,0,,,,
6.799,3.7287,96.3889,-2.0910,-2.0211,0.000001,-0.000019,-0.000026,0.000032,1.4692,0.0530,0,,,,
6.824,3.7092,96.3416,-1.3538,-1.1398,0.000001,-0.000019,-0.000026,0.000032,1.4774,0.0536,0,,,,
6.851,3.6868,96.3076,-1.3189,-1.2432,0.000000,-0.000019,-0.000026,0.000032,1.4863,0.0542,0,,,,
6.874,3.6609,96.2855,-1.4409,-1.5193,0.000000,-0.000019,-0.000026,0.000032,1.4949,0.0547,0,,,,
6.900,3.6218,96.2470,-1.1131,-0.4063,0.000000,-0.000019,-0.000026,0.000033,1.5051,0.0554,0,,,,
6.925,3.6249,96.2498,0.5153,0.4431,-0.000000,-0.000019,-0.000027,0.000033,1.5120,0.0558,0,,,,
6.950,3.6403,96.2676,0.6767,0.5580,-0.000000,-0.000019,-0.000027,0.000033,1.5206,0.0564,0,,,,
6.974,3.6562,96.2775,0.0199,0.0499,-0.000000,-0.000019,-0.000027,0.000033,1.5290,0.0569,0,,,,
7.000,3.6496,96.2681,-0.3836,-0.1975,-0.000001,-0.000019,-0.000027,0.000033,1.5377,0.0574,0,,,,
7.024,3.7122,96.3911,-1.2063,-0.9909,-0.000001,-0.000019,-0.000027,0.000033,1.5464,0.0580,0,,,,
7.050,3.7028,96.3398,-1.8449,-2.2411,-0.000001,-0.000019,-0.000027,0.000033,1.5568,0.0587,0,,,,
7.075,3.6842,96.3145,-2.8804,-2.6556,-0.000001,-0.000019,-0.000028,0.000033,1.5602,0.0589,0,,,,
7.100,3.5542,96.1522,-4.0003,-4.1639,-0.000001,-0.000019,-0.000028,0.000033,1.5716,0.0596,0,,,,
7.124,3.4557,96.0778,-3.6961,-3.6832,-0.000001,-0.000018,-0.000028,0.000033,1.5800,0.0602,0,,,,
7.149,3.3477,95.9704,-3.4126,-3.0283,-0.000001,-0.000018,-0.000028,0.000034,1.5896,0.0607,0,,,,
7.174,3.2823,95.9032,-3.4042,-3.5213,-0.000002,-0.000018,-0.000028,0.000034,1.5963,0.0611,0,,,,
7.200,3.1748,95.7951,-3.6032,-3.9033,-0.000002,-0.000019,-0.000029,0.000034,1.6056,0.0616,0,,,,
7.224,3.0946,95.7148,-4.0397,-4.0323,-0.000002,-0.000018,-0.000029,0.000034,1.6122,0.0620,0,,,,
7.250,2.9988,95.6049,-3.3292,-3.4759,-0.000002,-0.000018,-0.000029,0.000034,1.6195,0.0624,0,,,,
7.274,2.9837,95.6636,-3.7586,-3.6909,-0.000002,-0.000018,-0.000029,0.000034,1.6276,0.0628,0,,,,
7.302,2.9250,95.5618,-3.1687,-2.9915,-0.000002,-0.000018,-0.000029,0.000034,1.6362,0.0633,0,,,,
7.324,2.8732,95.5034,-3.1891,-3.2173,-0.000002,-0.000018,-0.000029,0.000035,1.6443,0.0637,0,,,,
7.349,2.7919,95.4186,-2.5159,-2.0406,-0.000002,-0.000018,-0.000030,0.000035,1.6531,0.0641,0,,,,
7.374,2.7501,95.3734,-2.4710,-2.4017,-0.000002,-0.000018,-0.000030,0.000035,1.6595,0.0644,0,,,,
7.404,2.6997,95.2953,-2.6992,-2.7524,-0.000002,-0.000018,-0.000030,0.000035,1.6659,0.0647,0,,,,
7.427,2.6153,95.2351,-3.5123,-3.6472,-0.000002,-0.000018,-0.000030,0.000035,1.6746,0.0651,0,,,,
7.450,2.5262,95.1298,-3.3812,-3.3125,-0.000002,-0.000018,-0.000030,0.000035,1.6821,0.0655,0,,,,
7.476,2.4455,95.0681,-3.0008,-2.8949,-0.000002,-0.000018,-0.000030,0.000035,1.6900,0.0658,0,,,,
7.499,2.3520,94.9736,-3.2211,-2.9916,-0.000002,-0.000018,-0.000030,0.000035,1.6988,0.0662,0,,,,
7.525,2.3691,95.0537,-1.7997,-1.9286,-0.000002,-0.000018,-0.000031,0.000036,1.7050,0.0664,0,,,,
7.550,2.3601,95.0091,-1.3002,-0.6834,-0.000002,-0.000018,-0.000031,0.000036,1.7125,0.0668,0,,,,
7.575,2.3657,94.9978,-0.5011,-0.6159,-0.000002,-0.000018,-0.000031,0.000036,1.7201,0.0671,0,,,,
7.600,2.3641,94.9908,-0.0045,0.0293,-0.000002,-0.000018,-0.000031,0.000036,1.7303,0.0675,0,,,,
7.625,2.3706,94.9957,0.4644,0.5930,-0.000002,-0.000018,-0.000031,0.000036,1.7366,0.0678,0,,,,
7.651,2.3959,95.0207,1.0664,1.4561,-0.000002,-0.000018,-0.000031,0.000036,1.7457,0.0681,0,,,,
7.674,2.4302,95.0548,1.7001,1.5670,-0.000003,-0.000018,-0.000032,0.000037,1.7519,0.0684,0,,,,
7.701,2.4684,95.0973,1.4536,1.5158,-0.000003,-0.000018,-0.000032,0.000037,1.7606,0.0688,0,,,,
7.724,2.5078,95.1307,1.9635,1.8467,-0.000003,-0.000018,-0.000032,0.000037,1.7686,0.0691,0,,,,
7.749,2.5662,95.2066,2.7567,2.9844,-0.000003,-0.000018,-0.000033,0.000037,1.7771,0.0695,0,,,,
7.774,2.7196,95.4016,2.9129,2.7981,-0.000003,-0.000018,-0.000033,0.000038,1.7851,0.0699,0,,,,
7.800,2.8103,95.4476,1.8952,2.0088,-0.000003,-0.000018,-0.000033,0.000038,1.7938,0.0703,0,,,,
7.826,2.8600,95.4927,0.6548,0.6523,-0.000003,-0.000018,-0.000033,0.000038,1.8020,0.0707,0,,,,
7.850,2.8788,95.5093,0.9853,0.9177,-0.000003,-0.000018,-0.000033,0.000038,1.8111,0.0711,0,,,,
7.875,2.9077,95.5310,0.8048,1.0086,-0.000003,-0.000018,-0.000034,0.000038,1.8195,0.0716,0,,,,
7.899,2.9243,95.5494,0.6267,0.9326,-0.000003,-0.000018,-0.000034,0.000039,1.8287,0.0720,0,,,,
7.924,2.9453,95.5700,1.3046,1.1589,-0.000003,-0.000018,-0.000034,0.000039,1.8370,0.0725,0,,,,
7.949,3.0032,95.6290,2.2156,2.4714,-0.000003,-0.000018,-0.000034,0.000039,1.8480,0.0730,0,,,,
7.974,3.0539,95.6759,1.8722,1.9077,-0.000003,-0.000018,-0.000034,0.000039,1.8550,0.0734,0,,,,
7.999,3.1028,95.7151,2.1585,2.1451,-0.000003,-0.000018,-0.000035,0.000039,1.8640,0.0739,0,,,,
8.025,3.2309,95.9098,2.4105,2.3534,-0.000003,-0.000018,-0.000035,0.000040,1.8727,0.0744,0,,,,
8.049,3.3187,95.9801,2.4199,2.2742,-0.000003,-0.000018,-0.000035,0.000040,1.8817,0.0749,0,,,,
8.074,3.3946,96.0242,2.3203,2.2700,-0.000003,-0.000018,-0.000036,0.000040,1.8907,0.0754,0,,,,
8.099,3.4734,96.0973,2.4311,2.3427,-0.000003,-0.000018,-0.000036,0.000040,1.9022,0.0761,0,,,,
8.124,3.5206,96.1439,2.3161,2.2878,-0.000003,-0.000018,-0.000036,0.000040,1.9094,0.0765,0,,,,
8.153,3.5852,96.2230,2.4381,2.5502,-0.000003,-0.000018,-0.000036,0.000041,1.9170,0.0770,0,,,,
8.175,3.6449,96.2663,2.1956,2.1661,-0.000003,-0.000018,-0.000036,0.000041,1.9259,0.0776,0,,,,
8.199,3.7132,96.3353,2.4030,2.0741,-0.000003,-0.000018,-0.000037,0.000041,1.9375,0.0783,0,,,,
8.224,3.7499,96.3720,2.0664,1.9230,-0.000003,-0.000018,-0.000037,0.000041,1.9447,0.0788,0,,,,
8.250,3.8089,96.4318,1.9201,1.6218,-0.000003,-0.000018,-0.000037,0.000041,1.9534,0.0794,0,,,,
8.274,3.9143,96.5930,1.9409,2.1145,-0.000003,-0.000018,-0.000037,0.000041,1.9603,0.0798,0,,,,
8.300,3.9900,96.6379,0.5799,0.3238,-0.000003,-0.000018,-0.000037,0.000042,1.9703,0.0805,0,,,,
8.326,4.0161,96.6456,0.5837,0.4357,-0.000003,-0.000018,-0.000038,0.000042,1.9791,0.0811,0,,,,
8.354,4.0439,96.6747,1.1316,1.0332,-0.000002,-0.000018,-0.000038,0.000042,1.9868,0.0817,0,,,,
8.374,4.0757,96.7014,1.6636,1.8057,-0.000002,-0.000018,-0.000038,0.000042,1.9952,0.0823,0,,,,
8.400,4.1337,96.7572,1.9654,2.0968,-0.000002,-0.000018,-0.000038,0.000042,2.0057,0.0830,0,,,,
8.424,4.1789,96.8033,2.4253,2.4236,-0.000002,-0.000018,-0.000038,0.000042,2.0126,0.0835,0,,,,
8.452,4.2335,96.8612,1.2578,1.3126,-0.000002,-0.000018,-0.000038,0.000043,2.0209,0.0841,0,,,,
8.474,4.2606,96.8803,0.8517,0.6331,-0.000002,-0.000018,-0.000038,0.000042,2.0294,0.0848,0,,,,
8.500,4.2788,96.9007,0.5470,0.1178,-0.000002,-0.000018,-0.000039,0.000042,2.0379,0.0854,0,,,,
8.524,4.3438,97.0174,-0.4713,-0.6035,-0.000002,-0.000017,-0.000039,0.000042,2.0461,0.0860,0,,,,
8.549,4.3649,97.0033,-0.3802,-0.2523,-0.000002,-0.000017,-0.000039,0.000043,2.0567,0.0868,0,,,,
8.575,4.3749,97.0054,0.6100,0.5517,-0.000002,-0.000017,-0.000039,0.000043,2.0636,0.0874,0,,,,
8.601,4.3928,97.0194,0.2108,0.1324,-0.000002,-0.000018,-0.000039,0.000043,2.0726,0.0881,0,,,,
8.625,4.3971,97.0190,-0.2506,-0.2847,-0.000002,-0.000017,-0.000039,0.000043,2.0812,0.0887,0,,,,
8.650,4.3969,97.0200,0.0403,0.0613,-0.000002,-0.000017,-0.000039,0.000043,2.0906,0.0894,0,,,,
8.675,4.3872,97.0113,0.3505,0.1750,-0.000002,-0.000017,-0.000039,0.000043,2.0994,0.0901,0,,,,
8.700,4.4204,97.0452,1.3736,1.6359,-0.000002,-0.000017,-0.000039,0.000043,2.1107,0.0910,0,,,,
8.724,4.4579,97.0816,1.9967,2.0326,-0.000001,-0.000017,-0.000040,0.000043,2.1179,0.0915,0,,,,
8.750,4.5054,97.1352,1.6201,1.6698,-0.000001,-0.000017,-0.000040,0.000043,2.1271,0.0923,0,,,,
8.775,4.5691,97.2924,2.4022,2.3990,-0.000001,-0.000017,-0.000040,0.000043,2.1326,0.0927,0,,,,
8.800,4.7106,97.3459,1.4197,1.1785,-0.000001,-0.000017,-0.000040,0.000043,2.1481,0.0940,0,,,,
8.824,4.7378,97.3638,0.6841,0.8546,-0.000001,-0.000017,-0.000040,0.000044,2.1555,0.0946,0,,,,
8.849,4.7492,97.3702,0.0847,0.2554,-0.000001,-0.000017,-0.000040,0.000044,2.1670,0.0955,0,,,,
8.874,4.7580,97.3828,0.8727,0.9359,-0.000001,-0.000017,-0.000040,0.000044,2.1744,0.0961,0,,,,
8.901,4.7780,97.4035,0.4716,0.3664,-0.000001,-0.000017,-0.000040,0.000043,2.1854,0.0971,0,,,,
8.924,4.7904,97.4136,0.8528,0.7858,-0.000001,-0.000017,-0.000040,0.000044,2.1951,0.0979,0,,,,
8.949,4.8270,97.4518,1.3978,1.1343,-0.000001,-0.000017,-0.000040,0.000044,2.2065,0.0988,0,,,,
8.974,4.8511,97.4755,1.3429,1.2766,-0.000001,-0.000017,-0.000041,0.000044,2.2142,0.0995,0,,,,
8.999,4.8954,97.5190,1.4167,1.7403,-0.000001,-0.000016,-0.000040,0.000044,2.2293,0.1008,0,,,,
9.026,5.0062,97.7095,2.9248,2.4553,-0.000001,-0.000016,-0.000041,0.000044,2.2376,0.1015,0,,,,
9.050,5.0992,97.7531,2.1868,2.1869,-0.000001,-0.000017,-0.000041,0.000044,2.2487,0.1025,0,,,,
9.075,5.1666,97.7925,1.3522,1.5243,-0.000001,-0.000016,-0.000041,0.000044,2.2593,0.1034,0,,,,
9.099,5.2044,97.8408,1.8680,1.9943,-0.000001,-0.000016,-0.000041,0.000044,2.2702,0.1044,0,,,,
9.124,5.2503,97.8723,1.2175,1.2588,-0.000001,-0.000016,-0.000041,0.000044,2.2806,0.1054,0,,,,
9.153,5.2796,97.9027,0.3673,0.4237,-0.000001,-0.000016,-0.000041,0.000044,2.2898,0.1062,0,,,,
9.176,5.2805,97.8958,-0.3715,-0.1267,-0.000001,-0.000016,-0.000041,0.000044,2.3002,0.1072,0,,,,
9.201,5.2757,97.9030,0.8084,0.8942,-0.000001,-0.000016,-0.000041,0.000044,2.3123,0.1083,0,,,,
9.225,5.3010,97.9242,0.9544,0.8568,-0.000000,-0.000016,-0.000041,0.000044,2.3232,0.1093,0,,,,
9.250,5.3098,97.9275,-0.3651,-0.5683,-0.000000,-0.000016,-0.000041,0.000044,2.3330,0.1102,0,,,,
9.274,5.3607,98.0355,0.7226,0.5654,-0.000000,-0.000016,-0.000041,0.000044,2.3437,0.1112,0,,,,
9.299,5.4239,98.0619,0.9798,0.4407,-0.000000,-0.000016,-0.000041,0.000044,2.3563,0.1124,0,,,,
9.326,5.4333,98.0531,-0.6300,-0.4556,-0.000000,-0.000016,-0.000041,0.000044,2.3648,0.1132,0,,,,
9.352,5.4243,98.0526,0.6763,0.4545,-0.000000,-0.000016,-0.000041,0.000044,2.3744,0.1141,0,,,,
9.374,5.4429,98.0672,0.2910,0.3400,-0.000000,-0.000016,-0.000041,0.000044,2.3846,0.1151,0,,,,
9.399,5.4292,98.0493,-0.8460,-1.5307,-0.000000,-0.000016,-0.000041,0.000044,2.3970,0.1163,0,,,,
9.424,5.3974,98.0191,-1.2137,-1.2178,-0.000000,-0.000016,-0.000041,0.000044,2.4053,0.1171,0,,,,
9.450,5.3617,97.9819,-1.2118,-1.8849,-0.000000,-0.000015,-0.000041,0.000044,2.4162,0.1181,0,,,,
9.474,5.3202,97.9407,-2.1765,-2.3615,-0.000000,-0.000015,-0.000041,0.000044,2.4244,0.1189,0,,,,
9.500,5.2645,97.8983,-2.1963,-2.3013,-0.000000,-0.000015,-0.000041,0.000044,2.4339,0.1197,0,,,,
9.524,5.2565,97.9240,-2.4058,-2.4406,0.000000,-0.000016,-0.000042,0.000044,2.4440,0.1207,0,,,,
9.550,5.2352,97.8757,-1.3492,-1.0960,0.000000,-0.000015,-0.000042,0.000044,2.4529,0.1215,0,,,,
9.574,5.2269,97.8576,-0.5516,-0.5799,0.000000,-0.000015,-0.000042,0.000044,2.4624,0.1224,0,,,,
9.600,5.2127,97.8362,-0.6829,-1.1988,0.000000,-0.000015,-0.000041,0.000044,2.4735,0.1234,0,,,,
9.624,5.1866,97.8092,-1.4071,-0.8469,0.000000,-0.000015,-0.000042,0.000044,2.4812,0.1241,0,,,,
9.650,5.1697,97.7977,-0.9040,-0.8486,0.000000,-0.000015,-0.000042,0.000044,2.4903,0.1249,0,,,,
9.675,5.1394,97.7609,-1.3340,-1.3536,0.000000,-0.000015,-0.000042,0.000044,2.4998,0.1258,0,,,,
9.700,5.1027,97.7076,-1.9839,-2.8358,0.000000,-0.000015,-0.000042,0.000044,2.5088,0.1266,0,,,,
9.724,5.0343,97.6575,-2.0079,-2.0954,0.000000,-0.000015,-0.000042,0.000044,2.5185,0.1274,0,,,,
9.750,4.9767,97.6002,-1.9099,-1.7526,0.000000,-0.000015,-0.000042,0.000045,2.5283,0.1283,0,,,,
9.775,4.9935,97.6594,-2.1690,-2.2855,0.000001,-0.000015,-0.000042,0.000044,2.5357,0.1289,0,,,,
9.802,4.9611,97.5912,-2.2275,-2.1794,0.000001,-0.000015,-0.000042,0.000044,2.5470,0.1299,0,,,,
9.824,4.9182,97.5472,-2.1250,-2.1904,0.000001,-0.000014,-0.000042,0.000044,2.5568,0.1308,0,,,,
9.850,4.8653,97.4911,-1.7378,-0.9404,0.000001,-0.000014,-0.000042,0.000044,2.5681,0.1318,0,,,,
9.874,4.8512,97.4762,-0.5140,-0.5078,0.000001,-0.000015,-0.000042,0.000045,2.5758,0.1324,0,,,,
9.900,4.8337,97.4566,-0.7100,-0.1889,0.000001,-0.000015,-0.000042,0.000045,2.5867,0.1333,0,,,,
9.925,4.8374,97.4663,0.5411,0.2853,0.000001,-0.000014,-0.000042,0.000045,2.5944,0.1340,0,,,,
9.949,4.8473,97.4680,0.2814,0.2340,0.000000,-0.000014,-0.000042,0.000045,2.6033,0.1347,0,,,,
9.975,4.8531,97.4728,-0.3802,-0.4859,0.000000,-0.000014,-0.000042,0.000045,2.6126,0.1355,0,,,,
10.001,4.8302,97.4459,-1.1665,-1.0310,0.000000,-0.000014,-0.000043,0.000045,2.6213,0.1363,0,,,,
10.024,4.8647,97.5305,-0.4967,-0.5818,0.000000,-0.000014,-0.000043,0.000045,2.6306,0.1371,0,,,,
10.049,4.8752,97.5117,-0.4280,-1.0666,0.000000,-0.000014,-0.000043,0.000045,2.6410,0.1379,0,,,,
10.075,4.8650,97.4945,-0.8131,-0.6527,0.000000,-0.000014,-0.000043,0.000045,2.6483,0.1386,0,,,,
10.101,4.8543,97.4759,-0.2041,-0.0962,0.000000,-0.000014,-0.000043,0.000045,2.6564,0.1393,0,,,,
10.124,4.8569,97.4812,0.2994,0.2483,0.000000,-0.000014,-0.000043,0.000045,2.6655,0.1400,0,,,,
10.149,4.8709,97.4952,0.6599,0.9064,0.000000,-0.000014,-0.000043,0.000045,2.6754,0.1409,0,,,,
10.175,4.8918,97.5160,1.4809,1.5570,0.000000,-0.000014,-0.000043,0.000045,2.6824,0.1415,0,,,,
10.199,4.9423,97.5651,1.5206,1.5517,0.000000,-0.000014,-0.000043,0.000045,2.6923,0.1423,0,,,,
10.226,4.9782,97.6001,1.8583,1.7594,-0.000000,-0.000014,-0.000043,0.000045,2.6992,0.1429,0,,,,
10.252,5.0178,97.6435,1.1838,0.9558,-0.000000,-0.000014,-0.000044,0.000046,2.7058,0.1435,0,,,,
10.275,5.0847,97.7440,0.0933,0.0192,-0.000000,-0.000014,-0.000044,0.000046,2.7139,0.1442,0,,,,
10.300,5.1063,97.7449,-0.0368,-0.0597,-0.000000,-0.000014,-0.000044,0.000046,2.7234,0.1451,0,,,,
10.324,5.1223,97.7495,0.2624,0.3450,-0.000000,-0.000014,-0.000044,0.000046,2.7320,0.1458,0,,,,
10.350,5.1291,97.7537,0.1081,-0.0375,-0.000000,-0.000014,-0.000044,0.000046,2.7396,0.1465,0,,,,
10.374,5.1242,97.7481,-0.4117,-0.3432,-0.000000,-0.000014,-0.000044,0.000046,2.7475,0.1472,0,,,,
10.401,5.1183,97.7396,-0.2927,-0.1937,-0.000000,-0.000014,-0.000044,0.000046,2.7559,0.1480,0,,,,
10.429,5.1160,97.7388,0.3093,0.3413,-0.000000,-0.000014,-0.000044,0.000046,2.7642,0.1487,0,,,,
10.450,5.1238,97.7466,0.2939,0.1806,-0.000000,-0.000014,-0.000044,0.000046,2.7722,0.1494,0,,,,
10.474,5.1248,97.7458,-0.0170,-0.0763,-0.000001,-0.000014,-0.000044,0.000046,2.7804,0.1502,0,,,,
10.499,5.1098,97.7307,-0.5184,-0.5661,-0.000001,-0.000013,-0.000044,0.000046,2.7903,0.1511,0,,,,
10.525,5.1469,97.8093,0.0688,-0.0555,-0.000001,-0.000014,-0.000044,0.000046,2.7968,0.1516,0,,,,
10.549,5.1824,97.8202,0.6090,0.8542,-0.000001,-0.000014,-0.000045,0.000047,2.8049,0.1524,0,,,,
10.574,5.2025,97.8278,-0.0418,-0.1188,-0.000001,-0.000014,-0.000045,0.000047,2.8129,0.1531,0,,,,
10.599,5.2004,97.8231,-0.1058,-0.5488,-0.000001,-0.000013,-0.000045,0.000047,2.8228,0.1540,0,,,,
10.625,5.1922,97.8156,0.1301,0.0510,-0.000001,-0.000013,-0.000045,0.000047,2.8293,0.1546,0,,,,
10.650,5.2088,97.8325,0.5973,0.7888,-0.000001,-0.000013,-0.000045,0.000047,2.8390,0.1555,0,,,,
10.675,5.2209,97.8438,0.4266,0.2819,-0.000001,-0.000013,-0.000045,0.000047,2.8455,0.1561,0,,,,
10.700,5.2206,97.8425,-0.2954,-0.4006,-0.000001,-0.000013,-0.000045,0.000047,2.8543,0.1569,0,,,,
10.724,5.2170,97.8351,-0.0882,-0.0742,-0.000001,-0.000013,-0.000045,0.000047,2.8594,0.1573,0,,,,
10.753,5.2181,97.8419,0.4143,0.0376,-0.000001,-0.000013,-0.000046,0.000047,2.8718,0.1585,0,,,,
10.775,5.2674,97.9274,0.0729,-0.0476,-0.000002,-0.000013,-0.000046,0.000048,2.8803,0.1593,0,,,,
10.800,5.2880,97.9216,-0.3115,-0.3227,-0.000002,-0.000013,-0.000046,0.000048,2.8920,0.1603,0,,,,
10.826,5.2886,97.9144,-0.2565,-0.0347,-0.000002,-0.000013,-0.000046,0.000048,2.8989,0.1610,0,,,,
10.853,5.2907,97.9153,-0.1817,-0.3728,-0.000002,-0.000013,-0.000046,0.000048,2.9095,0.1620,0,,,,
10.878,5.2855,97.9107,0.0658,0.0473,-0.000002,-0.000013,-0.000046,0.000048,2.9186,0.1628,0,,,,
10.900,5.2997,97.9319,1.0587,0.9788,-0.000002,-0.000013,-0.000046,0.000048,2.9297,0.1638,0,,,,
10.925,5.3211,97.9446,0.7865,0.9473,-0.000002,-0.000013,-0.000047,0.000049,2.9393,0.1647,0,,,,
10.951,5.3470,97.9749,1.0202,0.8409,-0.000002,-0.000013,-0.000047,0.000049,2.9502,0.1657,0,,,,
10.978,5.3697,97.9934,1.2262,1.3396,-0.000002,-0.000013,-0.000047,0.000049,2.9601,0.1667,0,,,,
10.999,5.4038,98.0213,0.8661,0.7900,-0.000002,-0.000013,-0.000047,0.000049,2.9705,0.1677,0,,,,
11.024,5.4647,98.1223,0.1907,0.3988,-0.000002,-0.000013,-0.000047,0.000049,2.9804,0.1686,0,,,,
11.052,5.4831,98.1166,-0.2362,-0.3528,-0.000002,-0.000013,-0.000048,0.000050,2.9911,0.1696,0,,,,
11.074,5.4813,98.1060,-1.0950,-0.9550,-0.000002,-0.000013,-0.000048,0.000050,3.0011,0.1706,0,,,,
11.099,5.4542,98.0778,-0.6030,-0.7456,-0.000003,-0.000013,-0.000048,0.000050,3.0134,0.1718,0,,,,
11.124,5.4356,98.0589,-0.9794,-1.0695,-0.000003,-0.000013,-0.000048,0.000050,3.0215,0.1725,0,,,,
11.150,5.4217,98.0525,0.8978,0.8205,-0.000003,-0.000014,-0.000049,0.000051,3.0321,0.1735,0,,,,
11.174,5.4423,98.0677,0.8077,0.7939,-0.000003,-0.000014,-0.000049,0.000051,3.0421,0.1745,0,,,,
11.200,5.4668,98.0949,0.8774,1.0338,-0.000003,-0.000014,-0.000049,0.000051,3.0522,0.1755,0,,,,
11.224,5.4892,98.1121,0.8908,0.7874,-0.000003,-0.000013,-0.000049,0.000051,3.0625,0.1765,0,,,,
11.250,5.5181,98.1423,1.0483,0.2904,-0.000003,-0.000013,-0.000049,0.000051,3.0741,0.1776,0,,,,
11.274,5.5763,98.2371,-0.0688,-0.0715,-0.000003,-0.000014,-0.000050,0.000052,3.0822,0.1784,0,,,,
11.300,5.5912,98.2274,-0.4912,-0.4626,-0.000003,-0.000014,-0.000050,0.000052,3.0916,0.1793,0,,,,
11.325,5.5906,98.2162,-0.5157,-0.6789,-0.000003,-0.000014,-0.000050,0.000052,3.1018,0.1803,0,,,,
11.350,5.5743,98.1955,-0.6440,-0.4756,-0.000003,-0.000014,-0.000050,0.000052,3.1110,0.1812,0,,,,
11.374,5.5587,98.1790,-1.1750,-1.2718,-0.000003,-0.000014,-0.000051,0.000053,3.1208,0.1821,0,,,,
11.400,5.5319,98.1557,-0.5311,-0.1649,-0.000003,-0.000014,-0.000051,0.000053,3.1305,0.1831,0,,,,
11.425,5.5337,98.1577,0.0777,0.1295,-0.000003,-0.000014,-0.000051,0.000053,3.1401,0.1840,0,,,,
11.451,5.5364,98.1630,0.4324,0.6346,-0.000003,-0.000014,-0.000051,0.000053,3.1493,0.1849,0,,,,
11.475,5.5515,98.1746,0.5951,0.4286,-0.000003,-0.000014,-0.000052,0.000054,3.1590,0.1858,0,,,,
11.500,5.5715,98.2060,1.2279,1.5263,-0.000003,-0.000014,-0.000052,0.000054,3.1680,0.1867,0,,,,
11.524,5.6606,98.3201,0.5128,0.5180,-0.000003,-0.000014,-0.000052,0.000054,3.1777,0.1877,0,,,,
11.549,5.7106,98.3430,1.0350,0.4049,-0.000003,-0.000014,-0.000053,0.000055,3.1884,0.1887,0,,,,
11.574,5.7168,98.3433,-0.2225,-0.0809,-0.000003,-0.000014,-0.000053,0.000055,3.1922,0.1891,0,,,,
11.601,5.7034,98.3250,-0.3572,-0.1443,-0.000003,-0.000014,-0.000053,0.000055,3.2051,0.1904,0,,,,
11.624,5.6903,98.3108,-0.6580,-0.7218,-0.000003,-0.000014,-0.000053,0.000055,3.2144,0.1913,0,,,,
11.650,5.6831,98.3044,-0.0945,-0.3696,-0.000003,-0.000014,-0.000054,0.000056,3.2236,0.1923,0,,,,
11.674,5.6736,98.2957,-0.3436,-0.1413,-0.000003,-0.000014,-0.000054,0.000056,3.2331,0.1932,0,,,,
11.700,5.6719,98.2933,0.1657,-0.2562,-0.000003,-0.000014,-0.000054,0.000056,3.2442,0.1943,0,,,,
11.724,5.6628,98.2850,-0.0121,0.0186,-0.000003,-0.000014,-0.000055,0.000056,3.2517,0.1951,0,,,,
11.751,5.6675,98.2925,0.4035,0.4297,-0.000003,-0.000014,-0.000055,0.000057,3.2610,0.1960,0,,,,
11.775,5.7300,98.3926,0.1507,0.2805,-0.000003,-0.000015,-0.000055,0.000057,3.2704,0.1969,0,,,,
11.800,5.7581,98.3963,0.2860,-0.4393,-0.000003,-0.000015,-0.000055,0.000057,3.2801,0.1979,0,,,,
11.824,5.7669,98.3974,0.3063,0.3545,-0.000003,-0.000015,-0.000056,0.000058,3.2896,0.1989,0,,,,
11.849,5.7736,98.3968,-0.2421,0.1562,-0.000003,-0.000015,-0.000056,0.000058,3.3012,0.2000,0,,,,
11.874,5.7769,98.3997,0.3517,0.2239,-0.000003,-0.000015,-0.000056,0.000058,3.3088,0.2008,0,,,,
11.899,5.7778,98.4018,-0.3486,-0.3479,-0.000002,-0.000015,-0.000057,0.000059,3.3190,0.2018,0,,,,
11.924,5.7807,98.4028,0.1677,0.2622,-0.000002,-0.000015,-0.000057,0.000059,3.3287,0.2028,0,,,,
11.949,5.7747,98.3956,-0.2636,-0.2215,-0.000002,-0.000015,-0.000057,0.000059,3.3386,0.2038,0,,,,
11.974,5.7778,98.4013,0.3767,0.1977,-0.000002,-0.000015,-0.000058,0.000059,3.3485,0.2048,0,,,,
12.000,5.7895,98.4136,0.5367,0.7632,-0.000002,-0.000015,-0.000058,0.000060,3.3604,0.2060,0,,,,
12.025,5.8527,98.5150,0.0579,-0.0186,-0.000002,-0.000015,-0.000058,0.000060,3.3682,0.2068,0,,,,
12.050,5.8824,98.5308,0.7117,1.1853,-0.000002,-0.000015,-0.000059,0.000060,3.3781,0.2078,0,,,,
12.075,5.9204,98.5472,0.5025,0.3272,-0.000002,-0.000015,-0.000059,0.000061,3.3880,0.2089,0,,,,
12.100,5.9397,98.5671,0.8155,0.2840,-0.000002,-0.000015,-0.000059,0.000061,3.3978,0.2099,0,,,,
12.124,5.9434,98.5650,-0.2606,-0.3290,-0.000002,-0.000015,-0.000060,0.000061,3.4077,0.2109,0,,,,
12.150,5.9380,98.5597,-0.0081,0.0409,-0.000002,-0.000015,-0.000060,0.000062,3.4195,0.2121,0,,,,
12.175,5.9372,98.5585,0.0119,0.1292,-0.000002,-0.000015,-0.000060,0.000062,3.4274,0.2130,0,,,,
12.201,5.9367,98.5542,-0.2795,-0.2892,-0.000002,-0.000015,-0.000060,0.000062,3.4372,0.2140,0,,,,
12.226,5.9277,98.5492,-0.0958,-0.2920,-0.000002,-0.000015,-0.000061,0.000063,3.4472,0.2150,0,,,,
12.251,5.9207,98.5406,-0.4519,-0.1627,-0.000001,-0.000015,-0.000061,0.000063,3.4571,0.2160,0,,,,
12.274,5.9710,98.6346,-0.2773,-0.1616,-0.000001,-0.000015,-0.000061,0.000063,3.4671,0.2171,0,,,,
12.299,5.9818,98.6238,-0.5258,-0.7630,-0.000001,-0.000015,-0.000061,0.000063,3.4768,0.2181,0,,,,
12.325,5.9863,98.6148,-0.0924,-0.0058,-0.000001,-0.000015,-0.000062,0.000063,3.4868,0.2192,0,,,,
12.350,5.9873,98.6128,0.1221,0.1071,-0.000001,-0.000015,-0.000062,0.000064,3.4961,0.2201,0,,,,
12.375,5.9871,98.6085,-0.3041,-0.3228,-0.000001,-0.000015,-0.000062,0.000064,3.5059,0.2212,0,,,,
12.399,5.9776,98.5983,-0.4187,-0.2195,-0.000001,-0.000015,-0.000062,0.000064,3.5172,0.2224,0,,,,
12.424,5.9667,98.5852,-0.7845,-0.8396,-0.000001,-0.000015,-0.000063,0.000064,3.5250,0.2232,0,,,,
12.451,5.9477,98.5692,-0.4028,-0.6920,-0.000001,-0.000015,-0.000063,0.000065,3.5362,0.2243,0,,,,
12.474,5.9273,98.5478,-1.2705,-1.3414,-0.000000,-0.000015,-0.000063,0.000065,3.5440,0.2251,0,,,,
12.500,5.8990,98.5194,-0.6973,-0.5217,-0.000000,-0.000015,-0.000063,0.000065,3.5533,0.2261,0,,,,
12.524,5.9398,98.6029,-0.5113,-0.7496,-0.000000,-0.000015,-0.000063,0.000065,3.5630,0.2271,0,,,,
12.550,5.9502,98.5887,-0.4410,-0.8274,-0.000000,-0.000015,-0.000064,0.000065,3.5723,0.2281,0,,,,
12.574,5.9470,98.5747,-1.0066,-1.1599,-0.000000,-0.000015,-0.000064,0.000066,3.5820,0.2291,0,,,,
12.601,5.9074,98.5324,-1.5124,-1.5232,0.000000,-0.000015,-0.000064,0.000066,3.5935,0.2303,0,,,,
12.624,5.8803,98.5042,-1.4384,-1.4979,0.000001,-0.000015,-0.000064,0.000066,3.6012,0.2311,0,,,,
12.653,5.8433,98.4550,-1.6926,-1.7840,0.000001,-0.000015,-0.000064,0.000066,3.6110,0.2321,0,,,,
12.678,5.8097,98.4362,-0.0131,0.1041,0.000001,-0.000015,-0.000064,0.000066,3.6206,0.2331,0,,,,
12.701,5.8126,98.4288,-0.4207,-1.3497,0.000001,-0.000015,-0.000065,0.000066,3.6309,0.2341,0,,,,
12.725,5.7869,98.4113,-0.1210,-0.1547,0.000001,-0.000015,-0.000065,0.000067,3.6408,0.2351,0,,,,
12.750,5.7670,98.3872,-1.2762,-0.9813,0.000001,-0.000015,-0.000065,0.000067,3.6526,0.2363,0,,,,
12.774,5.8012,98.4628,-0.4760,-0.5227,0.000002,-0.000015,-0.000065,0.000067,3.6604,0.2371,0,,,,
12.801,5.8040,98.4335,-1.2619,-1.4829,0.000002,-0.000015,-0.000065,0.000067,3.6695,0.2381,0,,,,
12.824,5.7872,98.4142,-1.2777,-1.2596,0.000002,-0.000015,-0.000065,0.000067,3.6792,0.2391,0,,,,
12.849,5.7419,98.3647,-1.6329,-1.6665,0.000002,-0.000015,-0.000066,0.000067,3.6903,0.2402,0,,,,
12.875,5.7093,98.3325,-1.7348,-1.6948,0.000002,-0.000015,-0.000066,0.000067,3.6980,0.2409,0,,,,
12.899,5.6276,98.2478,-3.2979,-2.8104,0.000002,-0.000015,-0.000066,0.000067,3.7092,0.2421,0,,,,
12.925,5.5749,98.1958,-2.6195,-2.9084,0.000003,-0.000015,-0.000066,0.000068,3.7169,0.2428,0,,,,
12.951,5.5186,98.1357,-1.3101,-1.4988,0.000003,-0.000015,-0.000066,0.000068,3.7262,0.2437,0,,,,
12.975,5.4930,98.1178,-0.7138,-0.5531,0.000003,-0.000015,-0.000066,0.000068,3.7358,0.2446,0,,,,
12.999,5.4752,98.0995,-0.4019,-0.0524,0.000003,-0.000015,-0.000066,0.000068,3.7447,0.2455,0,,,,
13.025,5.5246,98.1864,-0.1293,-0.1054,0.000003,-0.000015,-0.000066,0.000068,3.7541,0.2464,0,,,,
13.050,5.5608,98.1945,0.2733,0.3968,0.000004,-0.000015,-0.000066,0.000068,3.7651,0.2475,0,,,,
13.075,5.5775,98.2040,0.2540,0.2540,0.000004,-0.000015,-0.000067,0.000068,3.7726,0.2482,0,,,,
13.101,5.5783,98.1979,-0.5573,-0.4504,0.000004,-0.000015,-0.000067,0.000068,3.7814,0.2491,0,,,,
13.124,5.5610,98.1816,-0.8525,-0.9219,0.000004,-0.000015,-0.000067,0.000068,3.7908,0.2500,0,,,,
13.149,5.5384,98.1633,-1.1077,-1.0707,0.000004,-0.000015,-0.000067,0.000069,3.7998,0.2509,0,,,,
13.174,5.5009,98.1207,-1.9627,-1.7732,0.000005,-0.000015,-0.000067,0.000069,3.8091,0.2518,0,,,,
13.199,5.4450,98.0669,-1.6834,-1.9497,0.000005,-0.000015,-0.000067,0.000069,3.8201,0.2528,0,,,,
13.224,5.4074,98.0304,-1.4479,-1.4635,0.000005,-0.000015,-0.000067,0.000069,3.8275,0.2535,0,,,,
13.251,5.3826,98.0057,-0.2294,-0.3163,0.000005,-0.000015,-0.000067,0.000069,3.8373,0.2544,0,,,,
13.274,5.4102,98.0880,-0.6238,-0.5173,0.000005,-0.000015,-0.000067,0.000069,3.8429,0.2550,0,,,,
13.301,5.4362,98.0737,-0.3977,-0.1480,0.000006,-0.000015,-0.000067,0.000069,3.8559,0.2562,0,,,,
13.326,5.4468,98.0770,0.7969,0.8335,0.000006,-0.000015,-0.000067,0.000069,3.8652,0.2571,0,,,,
13.350,5.4926,98.1174,1.6398,1.0931,0.000006,-0.000015,-0.000067,0.000069,3.8768,0.2582,0,,,,
13.374,5.4955,98.1123,-1.2306,-1.3861,0.000006,-0.000015,-0.000067,0.000069,3.8844,0.2589,0,,,,
13.402,5.4629,98.0778,-1.7602,-1.5968,0.000007,-0.000015,-0.000068,0.000069,3.8936,0.2598,0,,,,
13.428,5.4187,98.0399,-1.7506,-1.7339,0.000007,-0.000015,-0.000068,0.000070,3.9031,0.2607,0,,,,
13.450,5.3857,98.0050,-0.7790,-1.0705,0.000007,-0.000015,-0.000068,0.000070,3.9128,0.2617,0,,,,
13.475,5.3507,97.9728,-1.2519,-1.4213,0.000007,-0.000015,-0.000068,0.000070,3.9222,0.2625,0,,,,
13.499,5.3247,97.9485,-0.7412,-0.5590,0.000007,-0.000015,-0.000068,0.000070,3.9343,0.2637,0,,,,
13.524,5.3656,98.0274,-0.3385,-0.3057,0.000007,-0.000015,-0.000068,0.000070,3.9420,0.2644,0,,,,
13.549,5.3828,98.0226,-0.6659,-0.7341,0.000007,-0.000015,-0.000068,0.000070,3.9524,0.2654,0,,,,
13.574,5.3799,98.0082,-0.1910,-0.1529,0.000008,-0.000015,-0.000068,0.000070,3.9621,0.2663,0,,,,
13.600,5.3728,97.9943,-0.4283,-0.7290,0.000008,-0.000015,-0.000068,0.000070,3.9724,0.2673,0,,,,
13.624,5.3634,97.9884,-0.3571,-0.2502,0.000008,-0.000015,-0.000068,0.000070,3.9824,0.2682,0,,,,
13.650,5.3416,97.9625,-0.9291,-0.6214,0.000008,-0.000015,-0.000068,0.000070,3.9944,0.2693,0,,,,
13.674,5.3281,97.9488,-0.8036,-1.0707,0.000009,-0.000015,-0.000068,0.000071,4.0024,0.2701,0,,,,
13.699,5.3204,97.9454,0.3590,0.2354,0.000009,-0.000015,-0.000068,0.000070,4.0125,0.2710,0,,,,
13.725,5.3280,97.9476,-0.7974,-0.8912,0.000009,-0.000015,-0.000068,0.000071,4.0226,0.2720,0,,,,
13.749,5.3114,97.9344,-0.0179,-0.3031,0.000009,-0.000015,-0.000068,0.000071,4.0339,0.2730,0,,,,
13.774,5.3594,98.0241,0.2812,0.4387,0.000009,-0.000015,-0.000069,0.000071,4.0419,0.2738,0,,,,
13.799,5.4069,98.0403,0.7258,0.4282,0.000009,-0.000015,-0.000069,0.000071,4.0537,0.2749,0,,,,
13.824,5.4071,98.0305,-0.4395,-0.4775,0.000010,-0.000015,-0.000069,0.000071,4.0616,0.2756,0,,,,
13.849,5.4101,98.0351,0.4732,0.3306,0.000010,-0.000015,-0.000069,0.000071,4.0712,0.2765,0,,,,
13.875,5.4295,98.0525,0.7665,0.6129,0.000010,-0.000015,-0.000069,0.000071,4.0811,0.2775,0,,,,
13.899,5.4429,98.0632,0.3015,-0.4871,0.000010,-0.000016,-0.000069,0.000071,4.0903,0.2784,0,,,,
13.925,5.4287,98.0515,-0.1173,-0.0468,0.000010,-0.000015,-0.000069,0.000071,4.0999,0.2793,0,,,,
13.952,5.4327,98.0562,0.2771,0.4402,0.000011,-0.000015,-0.000069,0.000071,4.1111,0.2803,0,,,,
13.975,5.4341,98.0560,0.1659,-0.0593,0.000011,-0.000015,-0.000069,0.000071,4.1188,0.2811,0,,,,
13.999,5.4271,98.0516,-1.1017,-1.0389,0.000011,-0.000015,-0.000069,0.000072,4.1281,0.2819,0,,,,
14.025,5.4446,98.1044,-1.1636,-1.2061,0.000011,-0.000016,-0.000069,0.000072,4.1374,0.2828,0,,,,
14.049,5.4335,98.0667,-1.1140,-1.2020,0.000011,-0.000015,-0.000069,0.000072,4.1471,0.2838,0,,,,
14.076,5.4128,98.0396,-1.3049,-1.2642,0.000011,-0.000015,-0.000069,0.000072,4.1567,0.2847,0,,,,
14.099,5.3668,97.9914,-1.6852,-0.3540,0.000012,-0.000015,-0.000069,0.000072,4.1685,0.2858,0,,,,
14.125,5.3663,97.9943,0.7717,0.9782,0.000012,-0.000016,-0.000069,0.000072,4.1724,0.2862,0,,,,
14.150,5.4170,98.0331,1.8170,1.8714,0.000012,-0.000016,-0.000069,0.000072,4.1858,0.2874,0,,,,
14.175,5.4566,98.0768,0.1664,0.4147,0.000012,-0.000015,-0.000069,0.000072,4.1955,0.2884,0,,,,
14.199,5.4325,98.0405,-1.5776,-1.6372,0.000012,-0.000015,-0.000069,0.000072,4.2043,0.2892,0,,,,
14.224,5.3931,98.0150,-0.9278,-0.9007,0.000012,-0.000015,-0.000069,0.000072,4.2139,0.2901,0,,,,
14.249,5.3702,97.9900,-0.8572,-0.5020,0.000013,-0.000016,-0.000069,0.000072,4.2230,0.2910,0,,,,
14.275,5.4077,98.0680,-0.9279,-1.0507,0.000013,-0.000016,-0.000069,0.000072,4.2323,0.2918,0,,,,
14.301,5.4100,98.0548,0.4765,0.4201,0.000013,-0.000015,-0.000069,0.000072,4.2413,0.2927,0,,,,
14.325,5.4414,98.0700,0.8356,0.8997,0.000013,-0.000015,-0.000069,0.000072,4.2508,0.2936,0,,,,
14.349,5.4614,98.0877,0.6117,0.5952,0.000014,-0.000015,-0.000069,0.000072,4.2603,0.2945,0,,,,
14.375,5.4654,98.0842,-0.5601,-0.7056,0.000014,-0.000016,-0.000069,0.000072,4.2698,0.2954,0,,,,
14.400,5.4697,98.0924,0.6938,0.7981,0.000014,-0.000016,-0.000069,0.000072,4.2810,0.2965,0,,,,
14.425,5.4844,98.1050,0.3203,0.2405,0.000014,-0.000015,-0.000069,0.000072,4.2885,0.2972,0,,,,
14.450,5.4920,98.1135,0.1122,-0.1110,0.000014,-0.000015,-0.000069,0.000072,4.2984,0.2982,0,,,,
14.474,5.4943,98.1178,0.7754,0.7889,0.000015,-0.000015,-0.000069,0.000072,4.3079,0.2991,0,,,,
14.500,5.5140,98.1360,0.4591,0.0143,0.000015,-0.000016,-0.000069,0.000072,4.3177,0.3000,0,,,,
14.525,5.5713,98.2332,0.6985,0.6508,0.000015,-0.000016,-0.000069,0.000072,4.3272,0.3009,0,,,,
14.550,5.6024,98.2335,-0.3947,-0.7480,0.000015,-0.000015,-0.000069,0.000072,4.3390,0.3021,0,,,,
14.576,5.6034,98.2481,1.2416,1.4148,0.000016,-0.000015,-0.000069,0.000072,4.3467,0.3029,0,,,,
14.601,5.6403,98.2715,1.3440,1.2939,0.000016,-0.000016,-0.000069,0.000072,4.3563,0.3038,0,,,,
14.625,5.6813,98.3066,2.0807,2.1729,0.000016,-0.000016,-0.000069,0.000072,4.3660,0.3048,0,,,,
14.649,5.7293,98.3502,1.0061,0.9559,0.000017,-0.000015,-0.000068,0.000072,4.3770,0.3059,0,,,,
14.674,5.7638,98.3877,2.3151,2.3697,0.000017,-0.000015,-0.000068,0.000072,4.3846,0.3066,0,,,,
14.700,5.8198,98.4414,1.6097,1.2733,0.000017,-0.000015,-0.000068,0.000072,4.3962,0.3078,0,,,,
14.725,5.8439,98.4621,0.2218,0.3046,0.000017,-0.000016,-0.000068,0.000072,4.4038,0.3086,0,,,,
14.752,5.8318,98.4547,0.8915,0.9621,0.000017,-0.000016,-0.000068,0.000072,4.4131,0.3095,0,,,,
14.774,5.9014,98.5614,0.8816,0.8808,0.000018,-0.000016,-0.000068,0.000072,4.4228,0.3105,0,,,,
14.799,5.9433,98.5903,1.1140,1.3754,0.000018,-0.000015,-0.000068,0.000072,4.4321,0.3115,0,,,,
14.824,5.9823,98.6068,0.4178,0.2569,0.000018,-0.000015,-0.000068,0.000072,4.4417,0.3125,0,,,,
14.849,6.0097,98.6276,1.9272,1.8682,0.000019,-0.000015,-0.000068,0.000072,4.4509,0.3135,0,,,,
14.875,6.0650,98.6889,1.9416,1.8925,0.000019,-0.000016,-0.000068,0.000072,4.4604,0.3145,0,,,,
14.900,6.1056,98.7338,1.0673,1.2746,0.000019,-0.000015,-0.000068,0.000072,4.4696,0.3154,0,,,,
14.924,6.1277,98.7485,0.7447,0.6507,0.000019,-0.000015,-0.000068,0.000072,4.4791,0.3165,0,,,,
14.949,6.1510,98.7805,1.2415,1.2351,0.000020,-0.000015,-0.000068,0.000072,4.4888,0.3175,0,,,,
14.975,6.1802,98.8019,0.9146,0.9775,0.000020,-0.000015,-0.000068,0.000072,4.4984,0.3185,0,,,,
14.999,6.2048,98.8259,0.7695,0.4326,0.000020,-0.000015,-0.000067,0.000072,4.5099,0.3198,0,,,,
15.024,6.2630,98.9195,0.4155,0.6768,0.000021,-0.000015,-0.000067,0.000072,4.5175,0.3206,0,,,,
15.050,6.3016,98.9335,1.1808,0.9815,0.000021,-0.000015,-0.000067,0.000072,4.5274,0.3217,0,,,,
15.074,6.3627,98.9921,1.9881,1.8817,0.000021,-0.000015,-0.000067,0.000072,4.5370,0.3228,0,,,,
15.099,6.4023,99.0307,1.1150,0.8433,0.000022,-0.000015,-0.000067,0.000072,4.5463,0.3238,0,,,,
15.124,6.4326,99.0559,1.4927,1.3805,0.000022,-0.000015,-0.000067,0.000072,4.5559,0.3249,0,,,,
15.149,6.4997,99.1248,2.7320,2.7562,0.000022,-0.000015,-0.000067,0.000072,4.5674,0.3262,0,,,,
15.174,6.5425,99.1624,0.8750,0.8462,0.000023,-0.000015,-0.000066,0.000072,4.5751,0.3271,0,,,,
15.200,6.5488,99.1674,0.3558,0.2483,0.000023,-0.000015,-0.000066,0.000072,4.5840,0.3281,0,,,,
15.224,6.5575,99.1769,0.2497,0.2636,0.000023,-0.000015,-0.000066,0.000072,4.5934,0.3292,0,,,,
15.250,6.5734,99.1993,0.9773,0.8694,0.000023,-0.000015,-0.000066,0.000072,4.6030,0.3303,0,,,,
15.274,6.6308,99.2817,-0.2713,-0.2422,0.000024,-0.000015,-0.000066,0.000072,4.6124,0.3314,0,,,,
15.300,6.6579,99.2901,0.6203,0.4059,0.000024,-0.000015,-0.000066,0.000071,4.6239,0.3327,0,,,,
15.325,6.6757,99.3034,1.2116,1.0660,0.000024,-0.000015,-0.000065,0.000071,4.6315,0.3336,0,,,,
15.350,6.7184,99.3367,1.6291,1.4905,0.000025,-0.000015,-0.000065,0.000071,4.6414,0.3348,0,,,,
15.375,6.7415,99.3666,1.3374,1.2188,0.000025,-0.000015,-0.000065,0.000071,4.6510,0.3359,0,,,,
15.399,6.7779,99.3996,0.9071,1.1157,0.000025,-0.000015,-0.000065,0.000071,4.6623,0.3372,0,,,,
15.424,6.8046,99.4286,1.6808,1.7644,0.000026,-0.000015,-0.000065,0.000071,4.6699,0.3381,0,,,,
15.450,6.8314,99.4523,0.1944,0.2239,0.000026,-0.000015,-0.000064,0.000071,4.6825,0.3396,0,,,,
15.474,6.8399,99.4625,0.2751,0.1761,0.000026,-0.000015,-0.000064,0.000071,4.6903,0.3406,0,,,,
15.500,6.8380,99.4657,0.8522,1.0240,0.000027,-0.000015,-0.000064,0.000071,4.7005,0.3418,0,,,,
15.525,6.9034,99.5559,0.4396,0.5334,0.000027,-0.000014,-0.000063,0.000070,4.7105,0.3430,0,,,,
15.549,6.9255,99.5644,0.3731,0.8338,0.000027,-0.000014,-0.000063,0.000070,4.7201,0.3442,0,,,,
15.574,6.9484,99.5714,0.1231,0.0398,0.000027,-0.000014,-0.000063,0.000070,4.7301,0.3454,0,,,,
15.599,6.9834,99.6102,1.8208,2.3335,0.000028,-0.000014,-0.000063,0.000070,4.7418,0.3468,0,,,,
15.625,7.0177,99.6357,0.3719,0.4392,0.000028,-0.000014,-0.000062,0.000070,4.7497,0.3478,0,,,,
15.652,7.0329,99.6585,0.5697,0.6158,0.000028,-0.000014,-0.000062,0.000070,4.7593,0.3490,0,,,,
15.674,7.0479,99.6717,1.5151,1.4558,0.000028,-0.000014,-0.000062,0.000069,4.7692,0.3502,0,,,,
15.700,7.0985,99.7286,2.0926,0.8025,0.000028,-0.000014,-0.000061,0.000069,4.7788,0.3514,0,,,,
15.724,7.1103,99.7319,0.5133,0.5160,0.000029,-0.000014,-0.000061,0.000069,4.7884,0.3526,0,,,,
15.750,7.1180,99.7385,-0.0783,-0.1197,0.000029,-0.000014,-0.000061,0.000069,4.8001,0.3540,0,,,,
15.777,7.1590,99.8289,1.4248,1.4356,0.000029,-0.000013,-0.000060,0.000069,4.8079,0.3550,0,,,,
15.799,7.2077,99.8390,0.4087,-0.1127,0.000030,-0.000013,-0.000060,0.000068,4.8180,0.3563,0,,,,
15.825,7.2219,99.8481,0.7756,0.8743,0.000030,-0.000013,-0.000060,0.000068,4.8278,0.3575,0,,,,
15.849,7.2307,99.8563,0.6953,0.6976,0.000030,-0.000013,-0.000059,0.000068,4.8382,0.3588,0,,,,
15.874,7.2526,99.8750,0.5951,0.8088,0.000030,-0.000013,-0.000059,0.000067,4.8482,0.3601,0,,,,
15.899,7.2441,99.8643,-0.4899,-0.3079,0.000031,-0.000013,-0.000058,0.000067,4.8609,0.3617,0,,,,
15.925,7.2298,99.8490,-0.6072,-0.6646,0.000031,-0.000013,-0.000058,0.000067,4.8689,0.3628,0,,,,
15.950,7.2404,99.8805,1.9368,1.7977,0.000031,-0.000013,-0.000058,0.000067,4.8798,0.3641,0,,,,
15.974,7.2797,99.9012,0.8093,0.4320,0.000031,-0.000013,-0.000057,0.000066,4.8900,0.3654,0,,,,
16.000,7.3106,99.9383,0.8995,0.9680,0.000031,-0.000012,-0.000057,0.000066,4.9009,0.3668,0,,,,
16.024,7.3674,100.0159,1.9537,1.8850,0.000031,-0.000012,-0.000056,0.000065,4.9112,0.3682,0,,,,
16.049,7.4280,100.0552,0.7542,0.4525,0.000031,-0.000012,-0.000056,0.000065,4.9238,0.3698,0,,,,
16.074,7.4495,100.0725,0.6534,0.4974,0.000032,-0.000012,-0.000055,0.000065,4.9321,0.3709,0,,,,
16.099,7.4533,100.0752,0.1149,0.0289,0.000032,-0.000012,-0.000055,0.000064,4.9433,0.3723,0,,,,
16.124,7.4925,100.1134,0.8342,0.8666,0.000032,-0.000012,-0.000054,0.000064,4.9537,0.3737,0,,,,
16.150,7.5058,100.1318,1.0457,1.0061,0.000032,-0.000012,-0.000054,0.000063,4.9649,0.3752,0,,,,
16.174,7.5227,100.1418,0.2622,0.2895,0.000032,-0.000012,-0.000053,0.000063,4.9754,0.3766,0,,,,
16.199,7.5424,100.1636,0.8716,0.0889,0.000032,-0.000011,-0.000053,0.000063,4.9890,0.3784,0,,,,
16.226,7.5426,100.1646,0.2429,0.1739,0.000032,-0.000011,-0.000052,0.000062,4.9977,0.3795,0,,,,
16.252,7.5520,100.1837,1.5277,1.5995,0.000032,-0.000011,-0.000051,0.000062,5.0093,0.3811,0,,,,
16.276,7.6256,100.2684,1.5982,1.8040,0.000032,-0.000011,-0.000051,0.000061,5.0201,0.3825,0,,,,
16.300,7.6695,100.3093,1.5925,1.7150,0.000033,-0.000011,-0.000050,0.000061,5.0316,0.3840,0,,,,
16.324,7.7148,100.3384,1.3865,1.3123,0.000033,-0.000011,-0.000050,0.000061,5.0425,0.3855,0,,,,
16.350,7.7735,100.3979,2.3529,2.0122,0.000032,-0.000010,-0.000049,0.000060,5.0554,0.3873,0,,,,
16.374,7.8040,100.4256,1.3023,1.2618,0.000032,-0.000010,-0.000049,0.000060,5.0642,0.3885,0,,,,
16.400,7.8340,100.4575,1.0131,0.5733,0.000032,-0.000010,-0.000049,0.000059,5.0748,0.3899,0,,,,
16.425,7.8464,100.4660,0.3566,0.2056,0.000033,-0.000010,-0.000048,0.000059,5.0854,0.3914,0,,,,
16.450,7.8391,100.4562,-0.4940,-0.6593,0.000033,-0.000010,-0.000047,0.000058,5.0959,0.3928,0,,,,
16.474,7.8261,100.4484,-0.1940,-0.2614,0.000033,-0.000010,-0.000047,0.000058,5.1064,0.3943,0,,,,
16.501,7.8278,100.4545,0.4990,1.3477,0.000033,-0.000010,-0.000047,0.000058,5.1186,0.3959,0,,,,
16.524,7.8829,100.5239,1.4809,1.6388,0.000033,-0.000010,-0.000046,0.000057,5.1271,0.3971,0,,,,
16.550,7.9363,100.5725,1.7141,1.4051,0.000033,-0.000010,-0.000045,0.000057,5.1375,0.3986,0,,,,
16.574,7.9764,100.6016,1.5191,1.3274,0.000032,-0.000009,-0.000045,0.000056,5.1477,0.4000,0,,,,
16.599,8.0101,100.6291,-0.5654,-0.3712,0.000032,-0.000010,-0.000044,0.000056,5.1582,0.4015,0,,,,
16.624,7.9929,100.6116,-0.7484,-0.7678,0.000033,-0.000009,-0.000044,0.000055,5.1682,0.4029,0,,,,
16.650,7.9654,100.5874,-0.8837,-0.5316,0.000033,-0.000009,-0.000043,0.000055,5.1804,0.4046,0,,,,
16.675,7.9613,100.5864,0.0252,0.5393,0.000032,-0.000009,-0.000043,0.000055,5.1887,0.4057,0,,,,
16.701,7.9646,100.5884,0.1796,0.1029,0.000032,-0.000009,-0.000042,0.000054,5.1993,0.4072,0,,,,
16.725,7.9646,100.5866,-0.1397,-0.2084,0.000032,-0.000009,-0.000042,0.000054,5.2090,0.4086,0,,,,
16.751,7.9792,100.6069,0.8820,0.8767,0.000032,-0.000009,-0.000041,0.000053,5.2202,0.4102,0,,,,
16.775,8.0125,100.6483,0.4051,0.4007,0.000032,-0.000009,-0.000041,0.000053,5.2303,0.4116,0,,,,
16.800,8.0431,100.6743,1.0254,0.7003,0.000032,-0.000009,-0.000041,0.000052,5.2406,0.4130,0,,,,
16.825,8.0631,100.6868,0.7979,0.6868,0.000032,-0.000009,-0.000040,0.000052,5.2502,0.4144,0,,,,
16.850,8.0791,100.6977,-0.5902,-0.6226,0.000032,-0.000009,-0.000040,0.000052,5.2604,0.4158,0,,,,
16.874,8.0646,100.6850,-0.7616,-0.5903,0.000031,-0.000009,-0.000039,0.000051,5.2701,0.4172,0,,,,
16.900,8.0234,100.6264,-2.9141,-3.0453,0.000031,-0.000009,-0.000039,0.000051,5.2803,0.4186,0,,,,
16.924,7.9494,100.5706,-2.5603,-2.4010,0.000031,-0.000009,-0.000038,0.000050,5.2899,0.4200,0,,,,
16.949,7.8599,100.4794,-3.3302,-3.1091,0.000031,-0.000009,-0.000038,0.000050,5.3009,0.4215,0,,,,
16.974,7.8014,100.4237,-2.6646,-2.6902,0.000031,-0.000008,-0.000038,0.000050,5.3088,0.4226,0,,,,
16.999,7.7306,100.3420,-2.7448,-2.5843,0.000031,-0.000008,-0.000037,0.000049,5.3187,0.4240,0,,,,
17.025,7.6994,100.3364,-1.4590,-1.5632,0.000031,-0.000008,-0.000037,0.000049,5.3282,0.4252,0,,,,
17.051,7.6653,100.2873,-1.3973,-1.4051,0.000031,-0.000008,-0.000036,0.000048,5.3378,0.4265,0,,,,
17.075,7.6412,100.2638,-1.2787,-1.3767,0.000031,-0.000008,-0.000036,0.000048,5.3469,0.4278,0,,,,
17.099,7.6054,100.2287,-1.0926,-0.9718,0.000030,-0.000008,-0.000036,0.000048,5.3577,0.4292,0,,,,
17.126,7.5924,100.2026,-0.9507,-1.5024,0.000030,-0.000008,-0.000035,0.000047,5.3653,0.4302,0,,,,
17.151,7.5586,100.1797,-0.4268,-0.6459,0.000030,-0.000008,-0.000035,0.000047,5.3751,0.4315,0,,,,
17.175,7.5447,100.1671,-0.8619,-0.8754,0.000030,-0.000008,-0.000035,0.000047,5.3841,0.4327,0,,,,
17.199,7.5342,100.1593,-0.0775,-0.0193,0.000030,-0.000008,-0.000034,0.000046,5.3939,0.4340,0,,,,
17.225,7.5321,100.1547,-0.3340,-0.3619,0.000030,-0.000008,-0.000034,0.000046,5.4024,0.4351,0,,,,
17.249,7.5174,100.1396,-0.3436,-0.4667,0.000030,-0.000008,-0.000034,0.000046,5.4134,0.4366,0,,,,
17.274,7.5092,100.1395,-1.8619,-1.7651,0.000029,-0.000008,-0.000033,0.000045,5.4208,0.4376,0,,,,
17.300,7.4711,100.0927,-1.2684,-1.4147,0.000029,-0.000008,-0.000033,0.000045,5.4312,0.4389,0,,,,
17.326,7.4383,100.0596,-2.2780,-2.2125,0.000029,-0.000007,-0.000033,0.000045,5.4399,0.4401,0,,,,
17.350,7.3780,99.9983,-1.1018,-0.9871,0.000029,-0.000007,-0.000032,0.000044,5.4498,0.4414,0,,,,
17.375,7.3571,99.9815,-0.3163,-0.2850,0.000029,-0.000007,-0.000032,0.000044,5.4583,0.4425,0,,,,
17.400,7.3565,99.9824,0.1630,1.2276,0.000029,-0.000007,-0.000032,0.000044,5.4692,0.4439,0,,,,
17.425,7.3805,100.0031,0.7889,0.6802,0.000029,-0.000007,-0.000031,0.000043,5.4766,0.4448,0,,,,
17.450,7.4114,100.0414,1.0926,0.9756,0.000028,-0.000007,-0.000031,0.000043,5.4863,0.4461,0,,,,
17.474,7.4337,100.0563,0.7571,0.8717,0.000028,-0.000007,-0.000031,0.000042,5.4951,0.4472,0,,,,
17.500,7.4652,100.0932,0.9966,0.9505,0.000028,-0.000007,-0.000030,0.000042,5.5050,0.4485,0,,,,
17.525,7.4817,100.1197,-0.1637,-0.5863,0.000028,-0.000007,-0.000030,0.000042,5.5136,0.4497,0,,,,
17.551,7.4739,100.0957,-0.8756,-1.5092,0.000028,-0.000007,-0.000030,0.000041,5.5234,0.4510,0,,,,
17.581,7.4370,100.0380,-2.1162,-2.0808,0.000027,-0.000007,-0.000030,0.000041,5.5320,0.4521,0,,,,
17.601,7.3845,100.0018,-2.0438,-2.1303,0.000027,-0.000007,-0.000029,0.000041,5.5424,0.4534,0,,,,
17.626,7.3384,99.9627,-1.3273,-1.4220,0.000027,-0.000007,-0.000029,0.000040,5.5508,0.4545,0,,,,
17.649,7.3046,99.9368,-1.4310,-1.5340,0.000027,-0.000007,-0.000029,0.000040,5.5611,0.4558,0,,,,
17.674,7.2961,99.9223,0.7602,0.5021,0.000027,-0.000007,-0.000029,0.000040,5.5699,0.4570,0,,,,
17.699,7.3291,99.9517,0.9534,0.0612,0.000026,-0.000007,-0.000028,0.000039,5.5810,0.4584,0,,,,
17.725,7.3289,99.9513,0.1674,0.2832,0.000026,-0.000006,-0.000028,0.000039,5.5885,0.4594,0,,,,
17.750,7.3300,99.9506,0.2634,0.1735,0.000026,-0.000006,-0.000028,0.000038,5.5984,0.4606,0,,,,
17.778,7.3406,99.9863,0.6930,0.7044,0.000026,-0.000006,-0.000027,0.000038,5.6033,0.4613,0,,,,
17.802,7.3630,99.9833,-0.4639,-0.6480,0.000025,-0.000006,-0.000027,0.000038,5.6170,0.4630,0,,,,
17.825,7.3534,99.9745,-0.6362,-0.7784,0.000025,-0.000006,-0.000027,0.000037,5.6254,0.4641,0,,,,
17.850,7.3358,99.9579,-0.3156,-0.2075,0.000025,-0.000006,-0.000027,0.000037,5.6370,0.4656,0,,,,
17.877,7.3390,99.9595,0.1662,-0.8822,0.000025,-0.000006,-0.000026,0.000037,5.6445,0.4666,0,,,,
17.900,7.3198,99.9475,-1.3032,-1.4130,0.000025,-0.000006,-0.000026,0.000037,5.6545,0.4679,0,,,,
17.925,7.2961,99.9189,-0.7247,-0.9361,0.000025,-0.000006,-0.000026,0.000036,5.6631,0.4690,0,,,,
17.950,7.2871,99.9089,-0.2473,-0.2161,0.000024,-0.000006,-0.000026,0.000036,5.6735,0.4703,0,,,,
17.978,7.2829,99.9057,-0.3439,-0.1686,0.000024,-0.000006,-0.000025,0.000035,5.6824,0.4714,0,,,,
18.000,7.2830,99.9055,0.2836,0.3239,0.000024,-0.000006,-0.000025,0.000035,5.6938,0.4729,0,,,,
18.024,7.3065,99.9374,0.6640,0.5673,0.000024,-0.000006,-0.000025,0.000035,5.7013,0.4739,0,,,,
18.051,7.3347,99.9686,1.1027,1.2393,0.000024,-0.000006,-0.000025,0.000035,5.7121,0.4752,0,,,,
18.075,7.3556,99.9758,-0.3210,-0.3353,0.000023,-0.000006,-0.000024,0.000034,5.7210,0.4764,0,,,,
18.100,7.3470,99.9713,-0.0237,-0.0664,0.000023,-0.000006,-0.000024,0.000034,5.7317,0.4778,0,,,,
18.126,7.3491,99.9733,0.3269,0.1729,0.000023,-0.000006,-0.000024,0.000034,5.7406,0.4789,0,,,,
18.150,7.3726,99.9953,0.9242,0.3812,0.000023,-0.000006,-0.000024,0.000034,5.7515,0.4803,0,,,,
18.175,7.3691,99.9884,-0.5631,-0.6206,0.000023,-0.000006,-0.000024,0.000033,5.7591,0.4813,0,,,,
18.202,7.3564,99.9724,-0.8134,-0.6511,0.000022,-0.000006,-0.000023,0.000033,5.7690,0.4826,0,,,,
18.225,7.3415,99.9634,-0.0198,0.0150,0.000022,-0.000006,-0.000023,0.000033,5.7779,0.4837,0,,,,
18.253,7.3403,99.9550,-0.4329,-1.4188,0.000022,-0.000006,-0.000023,0.000032,5.7879,0.4850,0,,,,
18.276,7.3123,99.9431,-1.2911,-1.2020,0.000022,-0.000006,-0.000023,0.000032,5.7969,0.4862,0,,,,
18.302,7.2943,99.9200,-0.5127,-0.4438,0.000022,-0.000005,-0.000023,0.000032,5.8082,0.4876,0,,,,
18.328,7.2879,99.9137,0.0211,0.4380,0.000022,-0.000005,-0.000022,0.000032,5.8158,0.4886,0,,,,
18.351,7.2919,99.9135,-0.1373,-0.2941,0.000021,-0.000005,-0.000022,0.000031,5.8257,0.4899,0,,,,
18.376,7.2909,99.9167,0.4299,0.4874,0.000021,-0.000005,-0.000022,0.000031,5.8338,0.4909,0,,,,
18.400,7.3109,99.9386,0.7856,0.8052,0.000021,-0.000005,-0.000022,0.000031,5.8441,0.4922,0,,,,
18.426,7.3249,99.9464,0.2999,0.2924,0.000021,-0.000005,-0.000022,0.000031,5.8525,0.4933,0,,,,
18.452,7.3146,99.9345,-0.7866,-0.9978,0.000021,-0.000005,-0.000022,0.000031,5.8635,0.4947,0,,,,
18.476,7.2962,99.9065,-0.9837,-1.0366,0.000021,-0.000005,-0.000021,0.000030,5.8709,0.4957,0,,,,
18.501,7.2700,99.8964,-0.9216,-0.7391,0.000021,-0.000005,-0.000021,0.000030,5.8807,0.4969,0,,,,
18.525,7.2567,99.8883,-0.8712,-0.9456,0.000021,-0.000005,-0.000021,0.000030,5.8891,0.4980,0,,,,
18.550,7.2267,99.8515,-0.9872,-1.0353,0.000020,-0.000005,-0.000021,0.000030,5.8991,0.4993,0,,,,
18.575,7.2089,99.8331,-0.8305,-0.9333,0.000020,-0.000005,-0.000021,0.000029,5.9073,0.5003,0,,,,
18.600,7.2119,99.8382,0.7120,1.4733,0.000020,-0.000005,-0.000021,0.000029,5.9192,0.5018,0,,,,
18.625,7.2274,99.8509,1.2248,1.4463,0.000020,-0.000005,-0.000020,0.000029,5.9229,0.5023,0,,,,
18.650,7.2397,99.8601,-0.1728,-0.2919,0.000020,-0.000005,-0.000020,0.000029,5.9363,0.5040,0,,,,
18.676,7.2404,99.8639,0.7984,0.8566,0.000020,-0.000005,-0.000020,0.000029,5.9439,0.5050,0,,,,
18.701,7.2745,99.9042,1.5016,1.2280,0.000020,-0.000005,-0.000020,0.000029,5.9549,0.5063,0,,,,
18.725,7.3033,99.9236,0.0035,0.0324,0.000020,-0.000005,-0.000020,0.000028,5.9636,0.5075,0,,,,
18.750,7.2832,99.9033,-0.6888,-0.5701,0.000020,-0.000005,-0.000020,0.000028,5.9740,0.5088,0,,,,
18.774,7.2785,99.9080,-0.6662,-0.6001,0.000020,-0.000005,-0.000020,0.000028,5.9813,0.5097,0,,,,
18.800,7.2647,99.8866,-0.7629,-0.8936,0.000019,-0.000005,-0.000019,0.000028,5.9919,0.5111,0,,,,
18.825,7.2393,99.8588,-1.9614,-1.7577,0.000019,-0.000005,-0.000019,0.000028,6.0005,0.5122,0,,,,
18.850,7.1969,99.8203,-0.4686,-0.4593,0.000019,-0.000005,-0.000019,0.000028,6.0110,0.5135,0,,,,
18.875,7.1925,99.8162,-0.0959,-0.0707,0.000019,-0.000005,-0.000019,0.000028,6.0195,0.5146,0,,,,
18.901,7.1931,99.8187,0.3559,0.3524,0.000019,-0.000005,-0.000019,0.000027,6.0301,0.5159,0,,,,
18.928,7.1976,99.8071,-0.5906,-0.1712,0.000019,-0.000005,-0.000019,0.000027,6.0353,0.5166,0,,,,
18.951,7.1845,99.8062,0.2125,0.3881,0.000019,-0.000005,-0.000019,0.000027,6.0493,0.5183,0,,,,
18.975,7.1884,99.8085,0.0561,-0.1814,0.000019,-0.000005,-0.000019,0.000027,6.0583,0.5195,0,,,,
19.000,7.1937,99.8139,-0.4118,-0.4407,0.000019,-0.000005,-0.000018,0.000027,6.0687,0.5208,0,,,,
19.024,7.1961,99.8271,-0.1599,-0.0373,0.000019,-0.000005,-0.000018,0.000027,6.0774,0.5219,0,,,,
19.050,7.2160,99.8437,0.9383,1.4594,0.000019,-0.000005,-0.000018,0.000026,6.0895,0.5234,0,,,,
19.074,7.2500,99.8741,1.4477,1.6044,0.000018,-0.000005,-0.000018,0.000026,6.0972,0.5244,0,,,,
19.099,7.2694,99.8896,-0.2672,-0.3192,0.000018,-0.000005,-0.000018,0.000026,6.1079,0.5258,0,,,,
19.124,7.2462,99.8676,-0.4955,-0.5584,0.000018,-0.000005,-0.000018,0.000026,6.1170,0.5269,0,,,,
19.150,7.2410,99.8648,-0.0974,-0.1507,0.000018,-0.000005,-0.000017,0.000026,6.1276,0.5283,0,,,,
19.175,7.2381,99.8610,-0.5013,-0.4355,0.000018,-0.000005,-0.000017,0.000026,6.1365,0.5294,0,,,,
19.200,7.2097,99.8332,-0.9911,-0.3176,0.000018,-0.000005,-0.000017,0.000025,6.1479,0.5308,0,,,,
19.225,7.2083,99.8320,0.1304,-0.0659,0.000018,-0.000005,-0.000017,0.000025,6.1556,0.5318,0,,,,
19.249,7.2086,99.8324,0.1354,0.0361,0.000018,-0.000005,-0.000017,0.000025,6.1667,0.5332,0,,,,
19.275,7.2319,99.8615,-0.5711,-0.6629,0.000018,-0.000005,-0.000017,0.000025,6.1758,0.5344,0,,,,
19.300,7.2233,99.8525,0.8320,0.9331,0.000017,-0.000005,-0.000017,0.000025,6.1858,0.5356,0,,,,
19.325,7.2469,99.8704,0.7376,0.7725,0.000018,-0.000005,-0.000017,0.000025,6.1948,0.5368,0,,,,
19.350,7.2686,99.8853,0.9487,0.9916,0.000018,-0.000005,-0.000016,0.000025,6.2054,0.5381,0,,,,
19.376,7.2616,99.8805,-0.9827,-1.2269,0.000017,-0.000005,-0.000016,0.000024,6.2145,0.5393,0,,,,
19.401,7.2375,99.8648,-0.5964,-0.5857,0.000017,-0.000005,-0.000016,0.000024,6.2249,0.5406,0,,,,
19.426,7.2087,99.8294,-1.3016,-1.3138,0.000017,-0.000005,-0.000016,0.000024,6.2340,0.5418,0,,,,
19.455,7.1706,99.7812,-2.6448,-2.6711,0.000017,-0.000005,-0.000016,0.000024,6.2441,0.5430,0,,,,
19.478,7.1341,99.7337,-1.6082,-1.6898,0.000017,-0.000005,-0.000016,0.000024,6.2490,0.5437,0,,,,
19.500,7.0732,99.6952,-1.2044,-0.9209,0.000017,-0.000005,-0.000015,0.000024,6.2631,0.5454,0,,,,
19.524,7.0611,99.6907,-1.2697,-1.1090,0.000017,-0.000005,-0.000015,0.000023,6.2718,0.5465,0,,,,
19.555,7.0131,99.6201,-3.4280,-3.4256,0.000017,-0.000004,-0.000015,0.000023,6.2814,0.5477,0,,,,
19.575,6.9400,99.5655,-2.0196,-2.2186,0.000017,-0.000005,-0.000015,0.000023,6.2902,0.5488,0,,,,
19.601,6.8935,99.5141,-1.3472,-1.3359,0.000017,-0.000005,-0.000015,0.000023,6.2997,0.5499,0,,,,
19.625,6.8681,99.4923,-0.7939,-0.7337,0.000017,-0.000004,-0.000014,0.000023,6.3085,0.5510,0,,,,
19.651,6.8405,99.4630,-1.1349,-0.8142,0.000017,-0.000004,-0.000014,0.000022,6.3182,0.5521,0,,,,
19.675,6.8483,99.4773,1.6547,1.5428,0.000017,-0.000004,-0.000014,0.000022,6.3254,0.5530,0,,,,
19.700,6.8951,99.5246,1.6273,1.2562,0.000017,-0.000004,-0.000014,0.000022,6.3350,0.5542,0,,,,
19.726,6.9230,99.5451,1.0739,0.9144,0.000017,-0.000004,-0.000014,0.000022,6.3435,0.5552,0,,,,
19.750,6.9380,99.5524,-0.2189,-0.3161,0.000017,-0.000004,-0.000014,0.000022,6.3525,0.5563,0,,,,
19.776,6.9460,99.5761,0.8427,0.7091,0.000017,-0.000004,-0.000013,0.000022,6.3604,0.5572,0,,,,
19.800,6.9591,99.5797,-0.1981,-0.4810,0.000017,-0.000004,-0.000013,0.000021,6.3705,0.5585,0,,,,
19.825,6.9485,99.5700,-0.6823,-0.5895,0.000017,-0.000004,-0.000013,0.000021,6.3787,0.5595,0,,,,
19.851,6.9176,99.5348,-1.4190,-1.3033,0.000017,-0.000004,-0.000013,0.000021,6.3886,0.5607,0,,,,
19.874,6.8953,99.5195,-0.5907,-0.5893,0.000017,-0.000004,-0.000013,0.000021,6.3968,0.5617,0,,,,
19.901,6.8748,99.4984,-0.0646,-0.1035,0.000017,-0.000004,-0.000012,0.000021,6.4069,0.5629,0,,,,
19.925,6.8792,99.5044,0.6306,0.6132,0.000017,-0.000003,-0.000012,0.000021,6.4150,0.5639,0,,,,
19.951,6.8899,99.5169,0.1188,1.1295,0.000016,-0.000003,-0.000012,0.000021,6.4250,0.5651,0,,,,
19.975,6.9295,99.5554,2.1683,2.2366,0.000017,-0.000004,-0.000012,0.000021,6.4332,0.5661,0,,,,
20.002,6.9809,99.6108,2.1083,2.1474,0.000017,-0.000003,-0.000012,0.000021,6.4435,0.5673,0,,,,
20.026,7.0393,99.6642,1.6857,1.7413,0.000017,-0.000003,-0.000011,0.000020,6.4521,0.5684,0,,,,
20.050,7.0603,99.6831,1.0920,0.9499,0.000017,-0.000003,-0.000011,0.000020,6.4617,0.5696,0,,,,
20.075,7.0867,99.7082,0.7530,0.7257,0.000017,-0.000003,-0.000011,0.000020,6.4697,0.5706,0,,,,
20.100,7.1016,99.7228,0.4688,0.5800,0.000017,-0.000003,-0.000011,0.000020,6.4818,0.5721,0,,,,
20.125,7.1074,99.7260,-0.6161,-0.7930,0.000017,-0.000003,-0.000011,0.000020,6.4892,0.5730,0,,,,
20.152,7.0907,99.7214,1.1091,1.1708,0.000016,-0.000003,-0.000010,0.000020,6.4995,0.5743,0,,,,
20.175,7.1180,99.7404,0.6489,0.7510,0.000016,-0.000003,-0.000010,0.000020,6.5079,0.5753,0,,,,
20.200,7.1459,99.7604,1.4923,1.3570,0.000016,-0.000003,-0.000010,0.000020,6.5183,0.5766,0,,,,
20.224,7.1684,99.7876,0.6505,0.2591,0.000017,-0.000003,-0.000010,0.000020,6.5271,0.5777,0,,,,
20.249,7.2201,99.8444,2.4686,2.0756,0.000017,-0.000003,-0.000010,0.000020,6.5383,0.5791,0,,,,
20.274,7.2621,99.8874,1.7367,1.6386,0.000017,-0.000003,-0.000010,0.000019,6.5457,0.5801,0,,,,
20.300,7.3171,99.9452,2.0150,1.1975,0.000016,-0.000003,-0.000009,0.000019,6.5559,0.5814,0,,,,
20.324,7.3390,99.9608,1.1472,1.1615,0.000017,-0.000003,-0.000009,0.000019,6.5646,0.5825,0,,,,
20.350,7.3830,100.0067,0.9850,0.8678,0.000017,-0.000003,-0.000009,0.000019,6.5750,0.5838,0,,,,
20.374,7.3999,100.0218,0.9302,1.2355,0.000017,-0.000003,-0.000009,0.000019,6.5837,0.5850,0,,,,
20.401,7.4128,100.0289,-0.1046,-0.1715,0.000017,-0.000003,-0.000009,0.000019,6.5942,0.5863,0,,,,
20.425,7.4092,100.0336,0.8784,0.8458,0.000017,-0.000003,-0.000008,0.000019,6.6027,0.5874,0,,,,
20.450,7.4450,100.0782,1.6877,2.2212,0.000017,-0.000003,-0.000008,0.000019,6.6140,0.5889,0,,,,
20.476,7.4970,100.1164,1.2574,1.3486,0.000017,-0.000003,-0.000008,0.000019,6.6228,0.5901,0,,,,
20.500,7.5224,100.1479,1.6336,1.5460,0.000017,-0.000003,-0.000008,0.000019,6.6330,0.5914,0,,,,
20.525,7.5698,100.1992,2.9115,3.0214,0.000017,-0.000003,-0.000008,0.000019,6.6420,0.5926,0,,,,
20.549,7.6631,100.2862,2.7617,2.3929,0.000017,-0.000003,-0.000008,0.000019,6.6538,0.5942,0,,,,
20.575,7.6853,100.3135,0.7095,0.8781,0.000017,-0.000003,-0.000007,0.000019,6.6577,0.5947,0,,,,
20.602,7.7097,100.3250,0.6171,0.6544,0.000017,-0.000003,-0.000007,0.000019,6.6723,0.5967,0,,,,
20.625,7.7260,100.3468,0.7869,0.8413,0.000017,-0.000003,-0.000007,0.000019,6.6814,0.5979,0,,,,
20.651,7.7346,100.3505,-0.6305,-0.7391,0.000017,-0.000002,-0.000007,0.000019,6.6911,0.5992,0,,,,
20.675,7.7201,100.3432,0.1408,0.1203,0.000017,-0.000002,-0.000007,0.000018,6.7002,0.6005,0,,,,
20.700,7.7322,100.3611,0.8278,1.1307,0.000017,-0.000003,-0.000007,0.000018,6.7109,0.6019,0,,,,
20.726,7.7619,100.3928,1.0682,0.5373,0.000017,-0.000003,-0.000006,0.000019,6.7200,0.6031,0,,,,
20.750,7.7773,100.3982,0.4549,0.4692,0.000017,-0.000002,-0.000006,0.000019,6.7307,0.6046,0,,,,
20.775,7.7905,100.4144,0.6685,0.4631,0.000017,-0.000002,-0.000006,0.000019,6.7399,0.6059,0,,,,
20.801,7.8230,100.4556,1.8157,1.8449,0.000017,-0.000002,-0.000006,0.000018,6.7508,0.6074,0,,,,
20.824,7.8586,100.4780,0.3440,0.1389,0.000018,-0.000003,-0.000006,0.000019,6.7601,0.6086,0,,,,
20.852,7.8739,100.4970,0.9015,0.6073,0.000018,-0.000003,-0.000006,0.000019,6.7717,0.6102,0,,,,
20.875,7.8821,100.5066,1.0875,0.9936,0.000018,-0.000002,-0.000005,0.000019,6.7796,0.6113,0,,,,
20.900,7.9151,100.5385,0.4360,0.2914,0.000018,-0.000002,-0.000005,0.000019,6.7920,0.6130,0,,,,
20.924,7.9218,100.5441,0.4192,0.5522,0.000018,-0.000003,-0.000005,0.000019,6.8016,0.6144,0,,,,
20.951,7.9267,100.5490,0.5353,0.3122,0.000018,-0.000003,-0.000005,0.000019,6.8129,0.6160,0,,,,
20.975,7.9454,100.5693,0.9822,0.9891,0.000018,-0.000003,-0.000004,0.000019,6.8219,0.6172,0,,,,
21.000,7.9391,100.5574,-0.9702,-0.7923,0.000018,-0.000002,-0.000004,0.000019,6.8352,0.6191,0,,,,
21.025,7.9292,100.5524,-0.5051,-0.4767,0.000018,-0.000003,-0.000004,0.000019,6.8436,0.6202,0,,,,
21.050,7.9271,100.5493,0.4524,0.3178,0.000018,-0.000003,-0.000004,0.000019,6.8555,0.6219,0,,,,
21.074,7.9364,100.5550,-0.7543,-0.7706,0.000018,-0.000003,-0.000003,0.000019,6.8648,0.6232,0,,,,
21.099,7.9208,100.5420,-0.2443,-0.5721,0.000018,-0.000002,-0.000003,0.000019,6.8768,0.6249,0,,,,
21.124,7.9233,100.5499,1.1047,0.8544,0.000019,-0.000002,-0.000003,0.000019,6.8868,0.6263,0,,,,
21.150,7.9503,100.5713,0.4143,-0.4044,0.000019,-0.000003,-0.000003,0.000019,6.8983,0.6278,0,,,,
21.178,7.9399,100.5561,-0.3962,-0.9598,0.000019,-0.000003,-0.000002,0.000019,6.9082,0.6292,0,,,,
21.203,7.9184,100.5391,-0.5384,-0.6430,0.000019,-0.000002,-0.000002,0.000019,6.9200,0.6309,0,,,,
21.226,7.9064,100.5288,-0.9687,-0.9303,0.000019,-0.000002,-0.000002,0.000019,6.9295,0.6322,0,,,,
21.256,7.8814,100.5039,-0.9312,-1.0933,0.000019,-0.000003,-0.000002,0.000019,6.9381,0.6334,0,,,,
21.278,7.8583,100.4851,0.3742,0.1143,0.000019,-0.000003,-0.000001,0.000019,6.9500,0.6350,0,,,,
21.300,7.8839,100.5117,1.1399,0.3274,0.000019,-0.000002,-0.000001,0.000019,6.9636,0.6369,0,,,,
21.325,7.8837,100.5031,-0.5677,-0.5065,0.000019,-0.000002,-0.000000,0.000019,6.9739,0.6383,0,,,,
21.351,7.8710,100.4945,0.4351,0.4354,0.000019,-0.000003,-0.000000,0.000019,6.9847,0.6398,0,,,,
21.374,7.8896,100.5147,1.3143,1.3201,0.000019,-0.000003,0.000000,0.000020,6.9939,0.6411,0,,,,
21.399,7.9072,100.5280,0.3901,0.3644,0.000019,-0.000003,0.000001,0.000020,7.0056,0.6427,0,,,,
21.428,7.9115,100.5440,0.7662,0.6917,0.000019,-0.000003,0.000001,0.000020,7.0114,0.6435,0,,,,
21.450,7.9689,100.5939,2.1674,2.4545,0.000019,-0.000003,0.000001,0.000020,7.0276,0.6458,0,,,,
21.475,8.0111,100.6306,0.6113,0.7010,0.000020,-0.000003,0.000002,0.000020,7.0361,0.6470,0,,,,
21.499,8.0045,100.6264,-0.3199,-0.3766,0.000020,-0.000003,0.000002,0.000020,7.0463,0.6484,0,,,,
21.525,7.9905,100.6154,-0.3772,-0.4282,0.000020,-0.000003,0.000003,0.000020,7.0560,0.6498,0,,,,
21.549,7.9923,100.6164,-0.2454,-0.3791,0.000020,-0.000003,0.000003,0.000020,7.0668,0.6513,0,,,,
21.574,7.9825,100.6076,0.0830,0.1534,0.000020,-0.000003,0.000004,0.000020,7.0759,0.6526,0,,,,
21.599,7.9958,100.6189,0.3068,0.7682,0.000020,-0.000003,0.000004,0.000020,7.0881,0.6543,0,,,,
21.624,8.0245,100.6494,1.9334,1.7944,0.000020,-0.000003,0.000005,0.000020,7.0964,0.6555,0,,,,
21.650,8.0650,100.6808,0.8496,0.9062,0.000020,-0.000003,0.000005,0.000021,7.1057,0.6568,0,,,,
21.675,8.0810,100.7030,1.1112,1.1730,0.000020,-0.000003,0.000006,0.000021,7.1149,0.6581,0,,,,
21.703,8.1010,100.7276,1.7541,1.8754,0.000020,-0.000003,0.000006,0.000021,7.1249,0.6595,0,,,,
21.725,8.1468,100.7704,1.8385,1.9817,0.000020,-0.000003,0.000006,0.000021,7.1337,0.6608,0,,,,
21.750,8.1698,100.7878,0.1234,0.1150,0.000020,-0.000003,0.000007,0.000021,7.1443,0.6623,0,,,,
21.775,8.1716,100.7926,-0.5502,-0.6093,0.000019,-0.000003,0.000007,0.000021,7.1520,0.6634,0,,,,
21.801,8.1466,100.7681,-0.4748,-0.3639,0.000019,-0.000003,0.000008,0.000021,7.1613,0.6647,0,,,,
21.825,8.1321,100.7492,-2.0657,-2.1009,0.000019,-0.000003,0.000008,0.000021,7.1698,0.6659,0,,,,
21.849,8.0522,100.6576,-3.2200,-3.2765,0.000019,-0.000003,0.000009,0.000021,7.1793,0.6673,0,,,,
21.878,7.9698,100.5901,-3.5818,-3.6621,0.000019,-0.000003,0.000009,0.000022,7.1879,0.6685,0,,,,
21.900,7.8798,100.5036,-2.5624,-2.2197,0.000019,-0.000003,0.000010,0.000022,7.1985,0.6700,0,,,,
21.924,7.8400,100.4641,-1.9695,-1.8397,0.000019,-0.000003,0.000010,0.000022,7.2058,0.6710,0,,,,
21.950,7.7783,100.4154,-2.6489,-2.6403,0.000019,-0.000003,0.000010,0.000022,7.2149,0.6722,0,,,,
21.977,7.7271,100.3494,-1.8016,-1.8583,0.000019,-0.000003,0.000011,0.000022,7.2232,0.6734,0,,,,
22.000,7.6824,100.2968,-1.9687,-2.1049,0.000019,-0.000003,0.000012,0.000022,7.2322,0.6746,0,,,,
22.025,7.6425,100.2677,-1.7041,-1.2738,0.000018,-0.000003,0.000012,0.000022,7.2404,0.6757,0,,,,
22.051,7.5963,100.2062,-2.3371,-2.9421,0.000018,-0.000003,0.000012,0.000022,7.2493,0.6769,0,,,,
22.075,7.5235,100.1457,-2.8750,-2.5597,0.000018,-0.000003,0.000013,0.000022,7.2573,0.6779,0,,,,
22.100,7.4443,100.0573,-2.9386,-3.0422,0.000018,-0.000003,0.000013,0.000022,7.2666,0.6792,0,,,,
22.124,7.3716,99.9931,-3.2051,-3.3105,0.000018,-0.000003,0.000013,0.000022,7.2743,0.6802,0,,,,
22.151,7.2767,99.8839,-4.1049,-4.2042,0.000017,-0.000002,0.000014,0.000022,7.2838,0.6814,0,,,,
22.175,7.1864,99.8094,-3.2905,-3.1689,0.000017,-0.000002,0.000014,0.000022,7.2917,0.6824,0,,,,
22.200,7.0753,99.6952,-4.1344,-4.1889,0.000017,-0.000002,0.000015,0.000022,7.3026,0.6838,0,,,,
22.229,7.0012,99.5963,-2.8972,-3.1570,0.000017,-0.000002,0.000015,0.000022,7.3096,0.6846,0,,,,
22.252,6.9154,99.5242,-3.6942,-3.6961,0.000016,-0.000002,0.000016,0.000023,7.3191,0.6858,0,,,,
22.276,6.8659,99.4561,-3.3690,-3.5211,0.000016,-0.000002,0.000016,0.000022,7.3237,0.6864,0,,,,
22.303,6.7607,99.3837,-1.5026,-1.5667,0.000015,-0.000002,0.000016,0.000022,7.3368,0.6879,0,,,,
22.325,6.7321,99.3567,-1.3522,-1.2926,0.000015,-0.000002,0.000016,0.000022,7.3450,0.6889,0,,,,
22.354,6.7114,99.3378,-0.2184,0.4345,0.000015,-0.000002,0.000017,0.000022,7.3556,0.6901,0,,,,
22.375,6.7266,99.3537,0.5905,-0.1434,0.000014,-0.000002,0.000017,0.000022,7.3627,0.6910,0,,,,
22.401,6.7263,99.3401,-0.9771,-0.9965,0.000014,-0.000002,0.000018,0.000022,7.3728,0.6922,0,,,,
22.428,6.6929,99.3113,-1.7469,-1.6638,0.000013,-0.000002,0.000018,0.000022,7.3812,0.6932,0,,,,
22.450,6.6543,99.2707,-1.3319,-1.2901,0.000012,-0.000002,0.000018,0.000022,7.3914,0.6944,0,,,,
22.475,6.6208,99.2428,-0.9418,-0.9852,0.000012,-0.000002,0.000018,0.000022,7.3998,0.6953,0,,,,
22.500,6.6112,99.2360,0.0384,-0.0321,0.000011,-0.000002,0.000019,0.000022,7.4114,0.6967,0,,,,
22.525,6.6155,99.2403,0.2725,0.1874,0.000011,-0.000001,0.000019,0.000022,7.4187,0.6975,0,,,,
22.550,6.6293,99.2544,0.4333,0.4211,0.000010,-0.000001,0.000019,0.000021,7.4292,0.6988,0,,,,
22.575,6.6502,99.2768,2.0495,2.1099,0.000009,-0.000001,0.000019,0.000021,7.4380,0.6998,0,,,,
22.600,6.7050,99.3341,1.9586,1.8062,0.000009,-0.000001,0.000019,0.000021,7.4494,0.7011,0,,,,
22.627,6.7568,99.3821,2.5305,2.5290,0.000008,-0.000001,0.000019,0.000021,7.4582,0.7021,0,,,,
22.655,6.8088,99.4378,2.4160,2.2742,0.000007,-0.000001,0.000019,0.000021,7.4680,0.7033,0,,,,
22.677,6.8686,99.4908,2.1607,2.0271,0.000006,-0.000001,0.000019,0.000020,7.4765,0.7043,0,,,,
22.706,6.9236,99.5548,2.7781,2.7098,0.000006,-0.000001,0.000019,0.000020,7.4874,0.7056,0,,,,
22.727,6.9849,99.6041,1.8138,1.8614,0.000005,-0.000001,0.000019,0.000020,7.4963,0.7067,0,,,,
22.752,7.0321,99.6574,2.0016,1.8515,0.000005,-0.000001,0.000019,0.000020,7.5067,0.7080,0,,,,
22.775,7.0644,99.6853,1.1957,1.4556,0.000004,-0.000000,0.000019,0.000020,7.5151,0.7090,0,,,,
22.800,7.1127,99.7348,1.9584,1.2833,0.000003,-0.000000,0.000019,0.000020,7.5270,0.7105,0,,,,
22.826,7.1281,99.7481,0.5993,0.3897,0.000003,-0.000000,0.000019,0.000019,7.5347,0.7115,0,,,,
22.850,7.1585,99.7839,0.9858,1.0003,0.000002,-0.000000,0.000019,0.000019,7.5450,0.7128,0,,,,
22.874,7.1806,99.8036,1.5101,1.2898,0.000001,0.000000,0.000019,0.000019,7.5539,0.7139,0,,,,
22.901,7.2252,99.8525,1.2991,1.3501,0.000000,0.000000,0.000019,0.000019,7.5638,0.7151,0,,,,
22.925,7.2623,99.8896,2.7988,2.7670,-0.000000,0.000001,0.000018,0.000018,7.5725,0.7162,0,,,,
22.950,7.3417,99.9649,2.2783,2.2114,-0.000001,0.000001,0.000018,0.000018,7.5839,0.7177,0,,,,
22.975,7.3901,100.0137,2.4875,2.5484,-0.000001,0.000001,0.000018,0.000018,7.5915,0.7187,0,,,,
22.999,7.4334,100.0478,0.9746,0.7289,-0.000002,0.000001,0.000018,0.000018,7.6014,0.7200,0,,,,
23.024,7.4672,100.0876,1.6843,1.5635,-0.000003,0.000001,0.000017,0.000018,7.6102,0.7211,0,,,,
23.050,7.4879,100.1099,0.6737,0.5869,-0.000004,0.000002,0.000017,0.000017,7.6208,0.7225,0,,,,
23.075,7.5033,100.1248,0.6049,0.3079,-0.000004,0.000002,0.000017,0.000017,7.6295,0.7237,0,,,,
23.100,7.5161,100.1400,0.5556,1.2929,-0.000004,0.000002,0.000017,0.000017,7.6405,0.7251,0,,,,
23.125,7.5299,100.1535,1.3089,1.3036,-0.000005,0.000002,0.000016,0.000017,7.6443,0.7256,0,,,,
23.151,7.5753,100.2018,0.8393,0.8549,-0.000006,0.000003,0.000016,0.000017,7.6577,0.7274,0,,,,
23.175,7.5807,100.1947,-1.7142,-1.7380,-0.000006,0.000003,0.000015,0.000017,7.6665,0.7286,0,,,,
23.202,7.5262,100.1385,-1.4309,-1.3105,-0.000007,0.000003,0.000015,0.000017,7.6756,0.7298,0,,,,
23.224,7.4895,100.1111,-1.1858,-1.1340,-0.000007,0.000003,0.000015,0.000017,7.6841,0.7309,0,,,,
23.250,7.4598,100.0732,-1.3871,-1.9619,-0.000008,0.000003,0.000014,0.000017,7.6935,0.7321,0,,,,
23.275,7.3990,100.0135,-2.2340,-2.3896,-0.000008,0.000004,0.000014,0.000017,7.7021,0.7332,0,,,,
23.302,7.3476,99.9687,-0.6653,-0.8381,-0.000009,0.000004,0.000013,0.000017,7.7108,0.7344,0,,,,
23.325,7.3312,99.9554,-0.4738,-0.5536,-0.000009,0.000004,0.000013,0.000016,7.7192,0.7355,0,,,,
23.353,7.3226,99.9473,-0.2323,-0.4277,-0.000010,0.000004,0.000012,0.000016,7.7282,0.7366,0,,,,
23.376,7.3128,99.9353,-0.7926,-1.0111,-0.000010,0.000005,0.000012,0.000016,7.7364,0.7377,0,,,,
23.400,7.2937,99.9180,-0.3396,0.0556,-0.000010,0.000005,0.000012,0.000016,7.7463,0.7389,0,,,,
23.425,7.2910,99.9127,-0.4782,-0.6342,-0.000011,0.000005,0.000011,0.000016,7.7532,0.7398,0,,,,
23.453,7.2761,99.8961,-0.5974,-0.5724,-0.000011,0.000005,0.000011,0.000016,7.7624,0.7410,0,,,,
23.475,7.2620,99.8834,-0.5237,-0.4577,-0.000011,0.000005,0.000010,0.000016,7.7702,0.7420,0,,,,
23.501,7.2440,99.8644,-0.5657,-0.5422,-0.000011,0.000006,0.000010,0.000016,7.7792,0.7431,0,,,,
23.525,7.2104,99.8209,-1.3735,-1.3734,-0.000012,0.000006,0.000010,0.000016,7.7872,0.7441,0,,,,
23.551,7.1721,99.7930,-0.5871,-0.5218,-0.000012,0.000006,0.000009,0.000016,7.7972,0.7454,0,,,,
23.574,7.1524,99.7718,-1.4254,-1.3757,-0.000012,0.000006,0.000009,0.000016,7.8040,0.7463,0,,,,
23.603,7.1163,99.7385,-0.9108,-0.2836,-0.000012,0.000007,0.000008,0.000016,7.8126,0.7473,0,,,,
23.625,7.1133,99.7354,-0.5389,-0.5932,-0.000012,0.000007,0.000008,0.000016,7.8203,0.7483,0,,,,
23.650,7.0876,99.7127,0.0341,0.0263,-0.000012,0.000007,0.000007,0.000016,7.8280,0.7493,0,,,,
23.674,7.0937,99.7164,0.1004,0.2244,-0.000013,0.000007,0.000007,0.000016,7.8355,0.7502,0,,,,
23.699,7.0796,99.7001,-0.8267,-0.7896,-0.000013,0.000008,0.000007,0.000016,7.8449,0.7513,0,,,,
23.725,7.0639,99.6852,-0.9372,-0.9658,-0.000013,0.000008,0.000006,0.000016,7.8513,0.7521,0,,,,
23.750,7.0271,99.6580,-1.5379,-1.6355,-0.000013,0.000008,0.000006,0.000016,7.8604,0.7533,0,,,,
23.775,6.9803,99.5876,-1.1073,-1.2910,-0.000013,0.000008,0.000005,0.000016,7.8680,0.7542,0,,,,
23.799,6.9344,99.5459,-1.2345,-1.4561,-0.000013,0.000008,0.000005,0.000016,7.8767,0.7553,0,,,,
23.827,6.9016,99.5233,-1.1679,-1.2100,-0.000013,0.000009,0.000005,0.000016,7.8841,0.7562,0,,,,
23.850,6.8680,99.4982,-1.3520,-1.1875,-0.000013,0.000009,0.000004,0.000016,7.8917,0.7571,0,,,,
23.874,6.8317,99.4537,-1.3522,-1.2488,-0.000013,0.000009,0.000004,0.000016,7.8988,0.7579,0,,,,
23.901,6.8029,99.4234,-0.7846,-0.9079,-0.000013,0.000009,0.000003,0.000016,7.9091,0.7592,0,,,,
23.925,6.7853,99.4076,-0.7441,-0.8278,-0.000013,0.000009,0.000003,0.000016,7.9166,0.7601,0,,,,
23.951,6.7601,99.3813,-0.8712,-1.0075,-0.000013,0.000009,0.000002,0.000017,7.9253,0.7611,0,,,,
23.974,6.7406,99.3645,-0.7176,-0.8041,-0.000013,0.000009,0.000002,0.000017,7.9326,0.7620,0,,,,
24.000,6.7375,99.3620,0.2732,0.1928,-0.000013,0.000010,0.000002,0.000017,7.9426,0.7631,0,,,,
24.024,6.7143,99.3193,0.0954,0.0872,-0.000013,0.000010,0.000001,0.000016,7.9490,0.7639,0,,,,
24.050,6.6929,99.3107,-0.8353,-0.7838,-0.000013,0.000010,0.000001,0.000016,7.9575,0.7649,0,,,,
24.075,6.6535,99.2703,-1.7337,-1.8215,-0.000013,0.000010,0.000001,0.000017,7.9650,0.7658,0,,,,
24.103,6.6140,99.2357,-0.3371,-0.5102,-0.000013,0.000010,0.000000,0.000017,7.9737,0.7668,0,,,,
24.125,6.6110,99.2369,0.6294,0.7448,-0.000013,0.000010,-0.000000,0.000017,7.9811,0.7676,0,,,,
24.150,6.6391,99.2609,0.7698,0.5485,-0.000013,0.000010,-0.000000,0.000017,7.9910,0.7688,0,,,,
24.174,6.6415,99.2590,-0.9466,-0.9574,-0.000013,0.000010,-0.000001,0.000017,7.9974,0.7695,0,,,,
24.201,6.5995,99.2161,-1.0456,-0.9759,-0.000013,0.000010,-0.000001,0.000017,8.0064,0.7706,0,,,,
24.224,6.5799,99.2020,-0.5782,-0.6182,-0.000013,0.000011,-0.000001,0.000017,8.0139,0.7715,0,,,,
24.250,6.5678,99.1891,-0.5105,-0.5240,-0.000013,0.000011,-0.000002,0.000017,8.0223,0.7724,0,,,,
24.276,6.5274,99.1292,-0.3904,-0.4140,-0.000013,0.000011,-0.000002,0.000017,8.0298,0.7733,0,,,,
24.300,6.4984,99.1149,-0.5302,-0.0288,-0.000013,0.000011,-0.000002,0.000017,8.0394,0.7744,0,,,,
24.324,6.4999,99.1217,0.3432,0.4127,-0.000013,0.000011,-0.000003,0.000017,8.0458,0.7751,0,,,,
24.350,6.5105,99.1288,0.5001,0.6125,-0.000013,0.000011,-0.000003,0.000017,8.0545,0.7761,0,,,,
24.377,6.5106,99.1289,-0.7936,-0.7215,-0.000012,0.000011,-0.000003,0.000017,8.0619,0.7769,0,,,,
24.400,6.4740,99.0878,-1.6478,-1.7068,-0.000012,0.000011,-0.000004,0.000017,8.0706,0.7779,0,,,,
24.424,6.4337,99.0547,-1.1914,-1.0575,-0.000012,0.000011,-0.000004,0.000017,8.0780,0.7788,0,,,,
24.450,6.4076,99.0304,-0.7250,-0.6346,-0.000012,0.000011,-0.000004,0.000017,8.0881,0.7799,0,,,,
24.475,6.3987,99.0212,-0.4605,-0.5627,-0.000012,0.000011,-0.000004,0.000017,8.0945,0.7806,0,,,,
24.502,6.3832,99.0058,-0.4886,-0.5135,-0.000012,0.000011,-0.000005,0.000017,8.1035,0.7816,0,,,,
24.524,6.3382,98.9392,-0.7364,-0.7262,-0.000012,0.000011,-0.000005,0.000017,8.1108,0.7824,0,,,,
24.551,6.3117,98.9271,-0.1078,-0.2280,-0.000012,0.000011,-0.000005,0.000017,8.1203,0.7835,0,,,,
24.575,6.3032,98.9239,-0.2041,-0.2841,-0.000012,0.000011,-0.000006,0.000017,8.1278,0.7843,0,,,,
24.599,6.2865,98.9075,-0.6068,-1.0758,-0.000012,0.000011,-0.000006,0.000017,8.1381,0.7855,0,,,,
24.625,6.2610,98.8814,-1.0802,-0.9339,-0.000012,0.000011,-0.000006,0.000017,8.1447,0.7862,0,,,,
24.651,6.2415,98.8662,-0.1942,-0.2359,-0.000012,0.000011,-0.000006,0.000017,8.1541,0.7872,0,,,,
24.675,6.2486,98.8696,0.0838,-0.0082,-0.000012,0.000011,-0.000007,0.000018,8.1617,0.7881,0,,,,
24.703,6.2533,98.8743,0.4017,0.3403,-0.000012,0.000011,-0.000007,0.000018,8.1710,0.7891,0,,,,
24.725,6.2557,98.8779,0.3391,0.2501,-0.000011,0.000011,-0.000007,0.000018,8.1789,0.7899,0,,,,
24.751,6.2811,98.9057,1.1969,1.4375,-0.000011,0.000011,-0.000007,0.000018,8.1890,0.7910,0,,,,
24.774,6.2779,98.8802,1.3509,1.3449,-0.000011,0.000011,-0.000008,0.000018,8.1957,0.7918,0,,,,
24.802,6.2985,98.9142,0.6765,0.6491,-0.000011,0.000011,-0.000008,0.000018,8.2049,0.7928,0,,,,
24.826,6.3013,98.9238,0.7786,0.8491,-0.000011,0.000011,-0.000008,0.000018,8.2092,0.7933,0,,,,
24.850,6.3372,98.9661,1.8976,2.1199,-0.000011,0.000011,-0.000009,0.000018,8.2215,0.7946,0,,,,
24.874,6.3770,98.9963,1.0920,0.9123,-0.000011,0.000011,-0.000009,0.000018,8.2293,0.7955,0,,,,
24.900,6.3961,99.0179,0.6479,0.6494,-0.000011,0.000011,-0.000009,0.000018,8.2396,0.7966,0,,,,
24.924,6.4020,99.0254,0.1627,0.1879,-0.000011,0.000011,-0.000009,0.000018,8.2429,0.7970,0,,,,
24.950,6.4075,99.0279,0.4468,0.2179,-0.000011,0.000011,-0.000009,0.000018,8.2550,0.7984,0,,,,
24.975,6.4332,99.0542,0.4303,0.4528,-0.000011,0.000011,-0.000010,0.000018,8.2628,0.7992,0,,,,
24.999,6.4392,99.0570,-0.1334,0.0377,-0.000011,0.000011,-0.000010,0.000018,8.2714,0.8002,0,,,,
25.025,6.3982,98.9972,-0.4453,-0.4537,-0.000011,0.000011,-0.000010,0.000019,8.2792,0.8011,0,,,,
25.050,6.3754,98.9932,-0.0538,0.9201,-0.000011,0.000011,-0.000010,0.000019,8.2880,0.8021,0,,,,
25.074,6.3963,99.0166,0.8931,0.9052,-0.000011,0.000011,-0.000011,0.000019,8.2958,0.8029,0,,,,
25.101,6.3991,99.0139,-0.7470,-0.7491,-0.000011,0.000011,-0.000011,0.000019,8.3046,0.8039,0,,,,
25.124,6.3775,98.9963,-1.2572,-1.1361,-0.000011,0.000011,-0.000011,0.000019,8.3123,0.8048,0,,,,
25.150,6.3444,98.9661,0.0853,-0.0332,-0.000011,0.000011,-0.000012,0.000019,8.3211,0.8058,0,,,,
25.175,6.3626,98.9894,2.1214,2.1469,-0.000011,0.000011,-0.000012,0.000019,8.3287,0.8066,0,,,,
25.201,6.4229,99.0547,2.1919,2.5040,-0.000010,0.000011,-0.000012,0.000019,8.3375,0.8076,0,,,,
25.225,6.4773,99.0965,1.4716,1.6585,-0.000010,0.000011,-0.000012,0.000019,8.3451,0.8085,0,,,,
25.250,6.5066,99.1261,0.7515,0.6177,-0.000010,0.000011,-0.000012,0.000019,8.3538,0.8095,0,,,,
25.274,6.4931,99.0959,1.3500,1.3204,-0.000010,0.000011,-0.000013,0.000019,8.3613,0.8103,0,,,,
25.303,6.5102,99.1203,-0.0513,0.0565,-0.000010,0.000011,-0.000013,0.000020,8.3699,0.8113,0,,,,
25.324,6.4972,99.1148,-0.3250,-0.3302,-0.000010,0.000011,-0.000013,0.000020,8.3776,0.8122,0,,,,
25.350,6.4797,99.1013,-0.4320,-0.2602,-0.000010,0.000011,-0.000013,0.000020,8.3869,0.8132,0,,,,
25.374,6.4802,99.1035,0.4904,0.3140,-0.000010,0.000010,-0.000014,0.000020,8.3933,0.8140,0,,,,
25.399,6.5086,99.1239,1.5576,1.5506,-0.000010,0.000010,-0.000014,0.000020,8.4021,0.8149,0,,,,
25.425,6.5415,99.1628,1.0316,1.0388,-0.000010,0.000010,-0.000014,0.000020,8.4095,0.8158,0,,,,
25.451,6.5632,99.1880,0.9511,1.1292,-0.000010,0.000010,-0.000014,0.000020,8.4183,0.8168,0,,,,
25.475,6.5880,99.2110,1.5531,1.2266,-0.000010,0.000010,-0.000015,0.000020,8.4259,0.8177,0,,,,
25.503,6.6476,99.2715,2.2008,2.1210,-0.000010,0.000010,-0.000015,0.000020,8.4355,0.8188,0,,,,
25.524,6.6546,99.2580,1.4499,1.3135,-0.000010,0.000010,-0.000015,0.000021,8.4420,0.8195,0,,,,
25.551,6.6773,99.2850,1.0861,1.1634,-0.000010,0.000010,-0.000015,0.000021,8.4511,0.8206,0,,,,
25.575,6.6940,99.3154,1.2137,1.1206,-0.000010,0.000010,-0.000016,0.000021,8.4589,0.8215,0,,,,
25.600,6.7355,99.3640,1.7543,1.7473,-0.000009,0.000010,-0.000016,0.000021,8.4680,0.8226,0,,,,
25.625,6.7718,99.3937,1.2215,1.3962,-0.000009,0.000010,-0.000016,0.000021,8.4752,0.8234,0,,,,
25.649,6.8005,99.4206,0.6777,0.0749,-0.000009,0.000010,-0.000016,0.000021,8.4857,0.8247,0,,,,
25.675,6.8114,99.4360,0.7858,1.3029,-0.000009,0.000010,-0.000017,0.000021,8.4923,0.8255,0,,,,
25.700,6.8476,99.4610,1.5220,1.5315,-0.000009,0.000009,-0.000017,0.000022,8.5012,0.8266,0,,,,
25.725,6.9062,99.5284,2.4514,2.6139,-0.000009,0.000009,-0.000017,0.000022,8.5090,0.8275,0,,,,
25.751,6.9664,99.5922,1.9021,2.0468,-0.000009,0.000009,-0.000018,0.000022,8.5180,0.8286,0,,,,
25.775,6.9881,99.5933,2.5406,2.6274,-0.000009,0.000009,-0.000018,0.000022,8.5256,0.8295,0,,,,
25.800,7.0388,99.6547,1.8107,1.7429,-0.000009,0.000009,-0.000018,0.000022,8.5358,0.8308,0,,,,
25.824,7.0706,99.6923,2.1544,2.1671,-0.000008,0.000009,-0.000018,0.000022,8.5425,0.8316,0,,,,
25.851,7.1137,99.7338,0.7594,0.8148,-0.000008,0.000009,-0.000019,0.000022,8.5516,0.8327,0,,,,
25.875,7.1307,99.7531,1.2976,1.3323,-0.000008,0.000009,-0.000019,0.000022,8.5592,0.8337,0,,,,
25.900,7.1627,99.7860,1.1160,1.0775,-0.000008,0.000009,-0.000019,0.000022,8.5681,0.8348,0,,,,
25.925,7.1948,99.8185,1.9942,1.9927,-0.000008,0.000009,-0.000019,0.000023,8.5757,0.8357,0,,,,
25.950,7.2448,99.8663,1.3800,1.1912,-0.000008,0.000009,-0.000019,0.000023,8.5862,0.8371,0,,,,
25.974,7.2664,99.8878,1.3362,1.2516,-0.000008,0.000008,-0.000020,0.000023,8.5929,0.8379,0,,,,
26.001,7.3051,99.9283,0.9509,0.9047,-0.000007,0.000008,-0.000020,0.000023,8.6015,0.8390,0,,,,
26.024,7.3031,99.9113,1.2916,1.1699,-0.000007,0.000008,-0.000020,0.000023,8.6092,0.8400,0,,,,
26.050,7.3305,99.9474,0.7267,0.7113,-0.000007,0.000008,-0.000020,0.000023,8.6184,0.8412,0,,,,
26.075,7.3433,99.9634,1.0531,1.1098,-0.000007,0.000008,-0.000021,0.000023,8.6261,0.8422,0,,,,
26.100,7.3712,99.9901,0.7660,0.3816,-0.000007,0.000008,-0.000021,0.000023,8.6361,0.8435,0,,,,
26.126,7.3753,99.9965,0.8068,0.4696,-0.000007,0.000008,-0.000021,0.000023,8.6428,0.8443,0,,,,
26.155,7.4051,100.0293,0.4219,0.4363,-0.000007,0.000008,-0.000021,0.000023,8.6523,0.8456,0,,,,
26.175,7.4095,100.0303,-0.0440,-0.2672,-0.000007,0.000008,-0.000021,0.000023,8.6600,0.8466,0,,,,
26.200,7.4120,100.0350,0.0560,0.1615,-0.000007,0.000008,-0.000021,0.000024,8.6693,0.8478,0,,,,
26.224,7.4109,100.0324,0.0006,-0.1129,-0.000007,0.000008,-0.000022,0.000024,8.6771,0.8488,0,,,,
26.249,7.4236,100.0484,0.7499,0.7517,-0.000006,0.000008,-0.000022,0.000024,8.6882,0.8502,0,,,,
26.274,7.4228,100.0360,1.3818,1.2657,-0.000006,0.000007,-0.000022,0.000024,8.6951,0.8511,0,,,,
26.300,7.4472,100.0605,0.8027,0.8058,-0.000006,0.000007,-0.000022,0.000024,8.7046,0.8524,0,,,,
26.325,7.4487,100.0684,0.4946,0.3100,-0.000006,0.000007,-0.000022,0.000024,8.7126,0.8534,0,,,,
26.351,7.4794,100.1126,2.0530,2.0866,-0.000006,0.000007,-0.000022,0.000024,8.7223,0.8547,0,,,,
26.374,7.5325,100.1547,1.9237,1.9790,-0.000006,0.000007,-0.000022,0.000024,8.7305,0.8557,0,,,,
26.400,7.5745,100.1954,1.1077,0.9756,-0.000006,0.000007,-0.000022,0.000024,8.7408,0.8571,0,,,,
26.425,7.5847,100.2038,0.1483,0.0321,-0.000005,0.000007,-0.000023,0.000024,8.7478,0.8581,0,,,,
26.451,7.5929,100.2187,0.6137,0.6172,-0.000005,0.000007,-0.000023,0.000024,8.7575,0.8593,0,,,,
26.474,7.6017,100.2234,-0.0789,0.1465,-0.000006,0.000007,-0.000023,0.000024,8.7657,0.8604,0,,,,
26.501,7.5926,100.2096,-0.5301,-0.4503,-0.000005,0.000007,-0.000023,0.000024,8.7752,0.8617,0,,,,
26.524,7.5597,100.1691,-0.4313,0.0411,-0.000005,0.000007,-0.000023,0.000024,8.7831,0.8627,0,,,,
26.550,7.5604,100.1784,0.4209,0.2522,-0.000005,0.000007,-0.000023,0.000024,8.7932,0.8641,0,,,,
26.575,7.5642,100.1866,0.7083,0.9650,-0.000005,0.000007,-0.000023,0.000025,8.8015,0.8652,0,,,,
26.600,7.5861,100.2017,0.6480,0.6809,-0.000005,0.000007,-0.000023,0.000025,8.8113,0.8665,0,,,,
26.625,7.5971,100.2190,0.7984,0.9428,-0.000005,0.000007,-0.000023,0.000025,8.8192,0.8676,0,,,,
26.651,7.6227,100.2518,1.3473,1.3571,-0.000005,0.000007,-0.000023,0.000025,8.8297,0.8689,0,,,,
26.674,7.6539,100.2772,1.0022,1.0666,-0.000005,0.000007,-0.000023,0.000025,8.8380,0.8701,0,,,,
26.702,7.6731,100.2941,0.3696,0.2889,-0.000005,0.000007,-0.000023,0.000025,8.8491,0.8716,0,,,,
26.726,7.6781,100.3007,0.2990,0.3699,-0.000005,0.000007,-0.000023,0.000025,8.8564,0.8725,0,,,,
26.751,7.6910,100.3180,0.5474,0.5288,-0.000005,0.000007,-0.000023,0.000025,8.8664,0.8739,0,,,,
26.776,7.6864,100.2861,-0.4324,-0.3073,-0.000005,0.000007,-0.000023,0.000025,8.8713,0.8745,0,,,,
26.800,7.6470,100.2551,-1.3272,-1.3843,-0.000005,0.000007,-0.000023,0.000025,8.8840,0.8763,0,,,,
26.825,7.6125,100.2323,-0.9683,-0.9909,-0.000005,0.000007,-0.000023,0.000025,8.8925,0.8774,0,,,,
26.850,7.5881,100.2110,-0.6741,-0.6871,-0.000006,0.000008,-0.000023,0.000025,8.9023,0.8787,0,,,,
26.876,7.5652,100.1845,-1.7666,-1.8505,-0.000006,0.000008,-0.000023,0.000025,8.9094,0.8796,0,,,,
26.902,7.5060,100.1138,-2.6111,-2.7555,-0.000006,0.000008,-0.000023,0.000025,8.9177,0.8808,0,,,,
26.924,7.4468,100.0691,-2.0452,-2.1268,-0.000006,0.000008,-0.000023,0.000025,8.9258,0.8818,0,,,,
26.950,7.3872,99.9975,-2.7535,-2.6388,-0.000006,0.000008,-0.000023,0.000025,8.9336,0.8828,0,,,,
26.976,7.3197,99.9396,-3.1064,-3.0185,-0.000006,0.000008,-0.000023,0.000025,8.9413,0.8838,0,,,,
27.000,7.2161,99.8357,-3.4982,-3.7270,-0.000006,0.000008,-0.000023,0.000025,8.9491,0.8848,0,,,,
27.025,7.1225,99.7308,-3.3320,-3.3636,-0.000007,0.000008,-0.000023,0.000026,8.9555,0.8856,0,,,,
27.049,7.0260,99.6640,-2.9572,-2.9335,-0.000007,0.000008,-0.000023,0.000026,8.9620,0.8864,0,,,,
27.076,6.9568,99.5786,-2.8906,-2.9217,-0.000006,0.000008,-0.000023,0.000026,8.9690,0.8873,0,,,,
27.100,6.8819,99.4946,-2.7606,-2.6181,-0.000007,0.000009,-0.000023,0.000026,8.9751,0.8880,0,,,,
27.125,6.8154,99.4368,-2.8315,-2.8887,-0.000007,0.000009,-0.000023,0.000026,8.9818,0.8888,0,,,,
27.151,6.7479,99.3630,-2.1791,-2.5808,-0.000007,0.000009,-0.000023,0.000026,8.9876,0.8895,0,,,,
27.175,6.6818,99.3019,-3.3410,-3.1909,-0.000007,0.000009,-0.000023,0.000026,8.9938,0.8902,0,,,,
27.200,6.5800,99.2268,-4.2797,-4.3493,-0.000007,0.000009,-0.000023,0.000026,8.9996,0.8909,0,,,,
27.226,6.4616,99.0812,-5.4029,-5.2451,-0.000007,0.000009,-0.000023,0.000026,9.0056,0.8916,0,,,,
27.251,6.3161,98.9218,-5.1949,-5.1228,-0.000007,0.000009,-0.000023,0.000026,9.0115,0.8922,0,,,,
27.275,6.1756,98.7811,-4.2634,-4.3794,-0.000007,0.000010,-0.000023,0.000026,9.0173,0.8929,0,,,,
27.300,6.0651,98.6864,-2.6396,-1.9039,-0.000007,0.000010,-0.000023,0.000026,9.0239,0.8936,0,,,,
27.325,6.0475,98.6640,-0.6444,-0.7139,-0.000008,0.000010,-0.000023,0.000026,9.0263,0.8938,0,,,,
27.351,6.0148,98.6282,-1.3950,-1.9732,-0.000008,0.000010,-0.000023,0.000027,9.0348,0.8947,0,,,,
27.375,5.9705,98.5931,-1.5796,-1.5871,-0.000008,0.000010,-0.000023,0.000027,9.0402,0.8953,0,,,,
27.400,5.9238,98.5405,-1.2343,-1.3004,-0.000008,0.000010,-0.000024,0.000027,9.0472,0.8960,0,,,,
27.425,5.9006,98.5250,-0.6970,-0.4519,-0.000008,0.000010,-0.000024,0.000027,9.0527,0.8966,0,,,,
27.451,5.8747,98.4929,-1.1590,-1.2396,-0.000008,0.000011,-0.000024,0.000027,9.0598,0.8973,0,,,,
27.474,5.8487,98.4698,-1.2926,-1.0736,-0.000009,0.000011,-0.000024,0.000027,9.0653,0.8979,0,,,,
27.499,5.7990,98.4323,-2.3323,-2.2589,-0.000009,0.000011,-0.000024,0.000028,9.0726,0.8986,0,,,,
27.524,5.7081,98.3088,-2.2308,-2.1081,-0.000009,0.000011,-0.000024,0.000028,9.0784,0.8992,0,,,,
27.550,5.6564,98.2741,-0.0400,0.1043,-0.000009,0.000011,-0.000024,0.000028,9.0865,0.9000,0,,,,
27.574,5.6544,98.2754,0.0835,0.1877,-0.000010,0.000011,-0.000024,0.000028,9.0926,0.9006,0,,,,
27.600,5.6540,98.2753,0.0472,0.1444,-0.000010,0.000011,-0.000024,0.000028,9.1016,0.9015,0,,,,
27.629,5.6545,98.2712,-0.6625,-0.6777,-0.000010,0.000012,-0.000024,0.000029,9.1042,0.9018,0,,,,
27.653,5.6345,98.2613,0.5394,0.5822,-0.000011,0.000012,-0.000024,0.000029,9.1156,0.9029,0,,,,
27.675,5.6548,98.2795,1.0457,0.9530,-0.000011,0.000012,-0.000025,0.000029,9.1216,0.9035,0,,,,
27.700,5.6880,98.3105,0.4551,0.5703,-0.000011,0.000012,-0.000025,0.000030,9.1313,0.9045,0,,,,
27.725,5.6933,98.3134,-0.0930,0.0546,-0.000011,0.000012,-0.000025,0.000030,9.1380,0.9051,0,,,,
27.750,5.6784,98.2960,-0.7928,-0.4722,-0.000011,0.000013,-0.000025,0.000030,9.1473,0.9061,0,,,,
27.775,5.6295,98.2290,-0.3659,-0.5214,-0.000012,0.000013,-0.000025,0.000031,9.1544,0.9068,0,,,,
27.803,5.6068,98.2219,0.1651,0.0189,-0.000012,0.000013,-0.000026,0.000031,9.1643,0.9077,0,,,,
27.829,5.6030,98.2244,0.1985,0.0078,-0.000012,0.000013,-0.000026,0.000032,9.1686,0.9082,0,,,,
27.852,5.6019,98.2291,0.7758,0.7413,-0.000013,0.000013,-0.000026,0.000032,9.1817,0.9094,0,,,,
27.875,5.6241,98.2482,1.4525,1.3442,-0.000013,0.000014,-0.000027,0.000033,9.1893,0.9102,0,,,,
27.901,5.7006,98.3260,3.1347,2.9721,-0.000013,0.000014,-0.000027,0.000033,9.2009,0.9113,0,,,,
27.925,5.7573,98.3806,2.2828,2.4192,-0.000014,0.000014,-0.000027,0.000034,9.2077,0.9120,0,,,,
27.951,5.8101,98.4365,1.5369,1.4595,-0.000014,0.000014,-0.000028,0.000034,9.2183,0.9131,0,,,,
27.974,5.8395,98.4622,1.6198,1.6213,-0.000014,0.000015,-0.000028,0.000035,9.2264,0.9139,0,,,,
28.001,5.8790,98.5003,0.2738,0.3998,-0.000014,0.000015,-0.000028,0.000035,9.2372,0.9150,0,,,,
28.025,5.8284,98.4176,-1.4934,-1.5158,-0.000015,0.000015,-0.000029,0.000036,9.2456,0.9159,0,,,,
28.050,5.7746,98.3927,-0.3840,0.5004,-0.000015,0.000015,-0.000029,0.000036,9.2579,0.9171,0,,,,
28.076,5.7857,98.4066,0.9054,0.7274,-0.000016,0.000016,-0.000030,0.000037,9.2654,0.9179,0,,,,
28.103,5.7902,98.4098,-0.1467,-0.3539,-0.000016,0.000016,-0.000030,0.000038,9.2759,0.9189,0,,,,
28.125,5.7802,98.4011,-0.3764,-0.2942,-0.000016,0.000016,-0.000031,0.000038,9.2847,0.9198,0,,,,
28.150,5.7774,98.4029,0.7351,0.7479,-0.000017,0.000017,-0.000031,0.000039,9.2955,0.9209,0,,,,
28.174,5.8005,98.4225,0.8954,0.8046,-0.000017,0.000017,-0.000032,0.000040,9.3043,0.9218,0,,,,
28.200,5.8169,98.4403,0.4968,0.7223,-0.000017,0.000017,-0.000032,0.000040,9.3158,0.9230,0,,,,
28.226,5.8371,98.4595,0.9918,1.0106,-0.000017,0.000017,-0.000033,0.000041,9.3235,0.9238,0,,,,
28.253,5.8709,98.5011,1.8596,1.8790,-0.000017,0.000018,-0.000034,0.000042,9.3335,0.9248,0,,,,
28.275,5.8643,98.4550,1.2623,1.3826,-0.000018,0.000018,-0.000034,0.000042,9.3425,0.9257,0,,,,
28.301,5.8677,98.4789,1.0292,1.1448,-0.000018,0.000018,-0.000035,0.000043,9.3525,0.9268,0,,,,
28.327,5.8788,98.4951,0.6219,0.4643,-0.000018,0.000018,-0.000035,0.000044,9.3613,0.9276,0,,,,
28.352,5.8978,98.5116,1.3447,1.1873,-0.000018,0.000018,-0.000036,0.000044,9.3712,0.9287,0,,,,
28.375,5.9289,98.5493,0.7181,0.8029,-0.000018,0.000019,-0.000037,0.000045,9.3802,0.9296,0,,,,
28.399,5.9459,98.5635,0.8210,0.6486,-0.000018,0.000019,-0.000037,0.000045,9.3900,0.9306,0,,,,
28.426,5.9827,98.6092,2.6871,2.6208,-0.000018,0.000019,-0.000038,0.000046,9.3989,0.9315,0,,,,
28.451,6.0619,98.6926,2.1018,2.0594,-0.000018,0.000019,-0.000039,0.000047,9.4081,0.9325,0,,,,
28.475,6.1083,98.7286,1.6836,1.5689,-0.000018,0.000019,-0.000039,0.000047,9.4168,0.9334,0,,,,
28.502,6.1691,98.7908,2.2921,2.2989,-0.000018,0.000020,-0.000040,0.000048,9.4272,0.9346,0,,,,
28.525,6.1655,98.7549,2.9745,2.8884,-0.000018,0.000020,-0.000040,0.000049,9.4346,0.9354,0,,,,
28.553,6.2212,98.8388,2.6069,2.6251,-0.000018,0.000020,-0.000041,0.000049,9.4435,0.9363,0,,,,
28.576,6.2628,98.8771,1.2803,1.3880,-0.000018,0.000020,-0.000042,0.000050,9.4519,0.9372,0,,,,
28.601,6.2920,98.9150,1.2280,1.0452,-0.000018,0.000020,-0.000043,0.000051,9.4608,0.9382,0,,,,
28.625,6.3185,98.9421,1.5519,1.4754,-0.000018,0.000021,-0.000043,0.000051,9.4692,0.9391,0,,,,
28.650,6.3486,98.9937,1.8608,2.0908,-0.000018,0.000021,-0.000043,0.000051,9.4763,0.9399,0,,,,
28.678,6.4117,99.0579,2.1568,2.3755,-0.000018,0.000021,-0.000044,0.000052,9.4860,0.9410,0,,,,
28.701,6.4725,99.1000,1.9055,1.6895,-0.000018,0.000021,-0.000045,0.000053,9.4955,0.9421,0,,,,
28.725,6.5134,99.1380,1.8157,1.6350,-0.000018,0.000021,-0.000045,0.000053,9.5037,0.9430,0,,,,
28.751,6.5600,99.1872,1.2667,1.2156,-0.000018,0.000021,-0.000046,0.000054,9.5130,0.9441,0,,,,
28.776,6.5266,99.1108,0.9393,1.0591,-0.000018,0.000022,-0.000047,0.000055,9.5211,0.9450,0,,,,
28.799,6.5308,99.1442,1.2387,1.4627,-0.000017,0.000022,-0.000047,0.000055,9.5319,0.9463,0,,,,
28.828,6.5577,99.1936,1.7195,1.3122,-0.000017,0.000022,-0.000048,0.000056,9.5390,0.9471,0,,,,
28.857,6.5956,99.2183,1.0480,0.9368,-0.000017,0.000022,-0.000049,0.000056,9.5490,0.9482,0,,,,
28.875,6.6166,99.2382,0.8685,0.7332,-0.000017,0.000022,-0.000049,0.000057,9.5572,0.9492,0,,,,
28.900,6.6271,99.2520,0.4356,0.4864,-0.000017,0.000022,-0.000050,0.000057,9.5671,0.9503,0,,,,
28.928,6.6340,99.2559,0.2921,0.1035,-0.000017,0.000023,-0.000051,0.000058,9.5755,0.9513,0,,,,
28.949,6.6429,99.2634,0.1427,-0.5260,-0.000016,0.000023,-0.000051,0.000058,9.5863,0.9525,0,,,,
28.975,6.6331,99.2561,-0.3824,-0.2949,-0.000017,0.000023,-0.000052,0.000059,9.5935,0.9534,0,,,,
29.001,6.6183,99.2389,-0.7451,-0.7012,-0.000016,0.000023,-0.000053,0.000060,9.6037,0.9546,0,,,,
29.024,6.5359,99.1196,-0.6130,-0.5661,-0.000016,0.000023,-0.000053,0.000060,9.6122,0.9555,0,,,,
29.051,6.4870,99.0839,-1.8039,-1.6855,-0.000016,0.000023,-0.000054,0.000061,9.6218,0.9566,0,,,,
29.075,6.4268,99.0417,-2.4707,-2.2777,-0.000016,0.000023,-0.000054,0.000061,9.6303,0.9576,0,,,,
29.100,6.3543,98.9665,-2.4938,-2.4381,-0.000016,0.000023,-0.000055,0.000062,9.6401,0.9587,0,,,,
29.125,6.2947,98.9165,-2.6160,-2.5844,-0.000015,0.000024,-0.000056,0.000062,9.6484,0.9596,0,,,,
29.151,6.2291,98.8445,-1.8675,-2.0453,-0.000015,0.000024,-0.000056,0.000063,9.6582,0.9607,0,,,,
29.175,6.1918,98.8172,-0.9019,-1.0127,-0.000015,0.000024,-0.000057,0.000063,9.6667,0.9616,0,,,,
29.200,6.1882,98.8106,0.4929,0.6011,-0.000015,0.000024,-0.000057,0.000063,9.6767,0.9627,0,,,,
29.226,6.2036,98.8264,0.3909,0.4860,-0.000014,0.000024,-0.000058,0.000064,9.6850,0.9636,0,,,,
29.250,6.2086,98.8277,-0.1518,0.0030,-0.000014,0.000024,-0.000058,0.000065,9.6952,0.9647,0,,,,
29.274,6.1384,98.7178,-0.0017,0.0900,-0.000014,0.000024,-0.000059,0.000065,9.7038,0.9656,0,,,,
29.300,6.1223,98.7241,0.8923,0.9526,-0.000014,0.000025,-0.000059,0.000066,9.7138,0.9667,0,,,,
29.326,6.1290,98.7621,1.4700,1.4850,-0.000013,0.000025,-0.000060,0.000066,9.7186,0.9672,0,,,,
29.350,6.1684,98.7926,0.6614,0.6914,-0.000013,0.000025,-0.000060,0.000067,9.7324,0.9687,0,,,,
29.375,6.1794,98.8015,0.4900,0.5821,-0.000013,0.000025,-0.000061,0.000067,9.7408,0.9696,0,,,,
29.400,6.1920,98.8081,0.0737,-0.3273,-0.000012,0.000025,-0.000061,0.000067,9.7504,0.9707,0,,,,
29.424,6.1741,98.7925,-1.2652,-1.1860,-0.000012,0.000025,-0.000062,0.000068,9.7588,0.9716,0,,,,
29.450,6.1391,98.7673,-1.0738,-1.1532,-0.000012,0.000025,-0.000062,0.000068,9.7684,0.9726,0,,,,
29.475,6.1231,98.7459,-0.0380,-0.1722,-0.000012,0.000026,-0.000062,0.000068,9.7770,0.9735,0,,,,
29.500,6.1335,98.7614,1.1090,0.9541,-0.000011,0.000026,-0.000063,0.000069,9.7862,0.9745,0,,,,
29.525,6.0861,98.6654,0.8404,0.8104,-0.000011,0.000026,-0.000063,0.000069,9.7946,0.9754,0,,,,
29.550,6.0741,98.6872,0.8501,1.0540,-0.000011,0.000026,-0.000064,0.000069,9.8052,0.9765,0,,,,
29.578,6.0821,98.7409,2.2110,2.4056,-0.000010,0.000026,-0.000064,0.000070,9.8088,0.9769,0,,,,
29.605,6.1527,98.7766,1.4409,1.3972,-0.000010,0.000026,-0.000064,0.000070,9.8220,0.9783,0,,,,
29.626,6.1832,98.8048,1.2891,1.2167,-0.000010,0.000026,-0.000065,0.000071,9.8303,0.9792,0,,,,
29.651,6.2177,98.8465,1.6826,1.4880,-0.000009,0.000026,-0.000065,0.000071,9.8398,0.9803,0,,,,
29.675,6.2611,98.8865,2.7243,2.5958,-0.000009,0.000027,-0.000065,0.000071,9.8482,0.9812,0,,,,
29.700,6.3530,98.9754,3.0071,2.7629,-0.000009,0.000027,-0.000066,0.000071,9.8587,0.9823,0,,,,
29.724,6.3967,99.0156,1.5259,1.5058,-0.000008,0.000027,-0.000066,0.000072,9.8658,0.9831,0,,,,
29.751,6.4206,99.0389,0.3722,0.3305,-0.000008,0.000027,-0.000066,0.000072,9.8757,0.9842,0,,,,
29.774,6.3484,98.9223,0.3710,0.0894,-0.000007,0.000027,-0.000067,0.000072,9.8840,0.9852,0,,,,
29.799,6.3404,98.9561,1.6148,2.1420,-0.000007,0.000027,-0.000067,0.000072,9.8935,0.9862,0,,,,
29.825,6.3850,99.0054,2.6366,2.7126,-0.000007,0.000027,-0.000067,0.000073,9.9018,0.9871,0,,,,
29.850,6.4620,99.1005,3.4258,3.8970,-0.000006,0.000027,-0.000067,0.000073,9.9115,0.9882,0,,,,
29.874,6.5511,99.1727,3.2354,3.0398,-0.000006,0.000028,-0.000068,0.000073,9.9200,0.9892,0,,,,
29.900,6.6326,99.2339,2.8594,2.8604,-0.000006,0.000028,-0.000068,0.000074,9.9294,0.9903,0,,,,
29.925,6.6857,99.3098,2.7131,2.4764,-0.000005,0.000028,-0.000068,0.000074,9.9376,0.9912,0,,,,
29.950,6.7453,99.3700,1.0822,0.9472,-0.000005,0.000028,-0.000069,0.000074,9.9471,0.9924,0,,,,
29.975,6.7660,99.3880,1.2047,1.2033,-0.000004,0.000028,-0.000069,0.000074,9.9555,0.9933,0,,,,
30.000,6.8088,99.4299,1.3354,1.0258,-0.000004,0.000028,-0.000069,0.000075,9.9659,0.9946,0,,,,
30.025,6.7485,99.3217,1.1879,1.2247,-0.000004,0.000028,-0.000069,0.000075,9.9731,0.9954,0,,,,
30.050,6.7410,99.3387,0.5065,0.6384,-0.000003,0.000028,-0.000070,0.000075,9.9823,0.9965,0,,,,
30.075,6.7322,99.3500,0.4207,0.2248,-0.000003,0.000028,-0.000070,0.000075,9.9905,0.9975,0,,,,
30.100,6.7309,99.3526,0.0932,0.0547,-0.000002,0.000028,-0.000070,0.000075,9.9995,0.9985,0,,,,
30.124,6.7378,99.3616,0.5407,0.3232,-0.000002,0.000028,-0.000070,0.000076,10.0076,0.9995,0,,,,
30.149,6.7486,99.3767,0.5512,0.8824,-0.000002,0.000028,-0.000070,0.000076,10.0167,1.0006,0,,,,
30.175,6.7616,99.3845,0.7564,0.6317,-0.000001,0.000028,-0.000070,0.000076,10.0211,1.0011,0,,,,
30.201,6.7938,99.4166,0.6079,0.8187,-0.000001,0.000028,-0.000071,0.000076,10.0340,1.0026,0,,,,
30.225,6.8075,99.4301,0.7792,0.5766,-0.000000,0.000028,-0.000071,0.000076,10.0420,1.0036,0,,,,
30.250,6.8173,99.4333,-0.5372,-0.5267,-0.000000,0.000028,-0.000071,0.000076,10.0514,1.0047,0,,,,
30.275,6.7168,99.2884,-0.7650,-0.7806,0.000000,0.000028,-0.000071,0.000076,10.0596,1.0057,0,,,,
30.300,6.6354,99.2442,-1.7621,-1.9708,0.000001,0.000028,-0.000071,0.000077,10.0702,1.0069,0,,,,
30.324,6.5981,99.2182,-0.7029,-1.0466,0.000001,0.000028,-0.000071,0.000077,10.0772,1.0077,0,,,,
30.350,6.5801,99.2079,-0.7069,-0.6949,0.000002,0.000028,-0.000071,0.000077,10.0870,1.0089,0,,,,
30.375,6.5560,99.1795,-0.9498,-0.8546,0.000002,0.000028,-0.000072,0.000077,10.0953,1.0098,0,,,,
30.399,6.5294,99.1528,-0.2075,-0.3131,0.000002,0.000028,-0.000072,0.000077,10.1046,1.0109,0,,,,
30.426,6.5394,99.1668,1.5530,1.4809,0.000003,0.000028,-0.000072,0.000077,10.1124,1.0118,0,,,,
30.450,6.5813,99.2072,1.2114,1.0726,0.000003,0.000028,-0.000072,0.000077,10.1223,1.0129,0,,,,
30.474,6.6106,99.2343,1.5535,1.5733,0.000004,0.000028,-0.000072,0.000077,10.1294,1.0137,0,,,,
30.500,6.6355,99.2529,0.0443,0.1345,0.000004,0.000028,-0.000072,0.000077,10.1398,1.0149,0,,,,
30.525,6.5469,99.1200,0.1906,0.1492,0.000005,0.000028,-0.000072,0.000077,10.1481,1.0159,0,,,,
30.551,6.5166,99.1174,-0.4213,-0.5233,0.000005,0.000028,-0.000072,0.000077,10.1571,1.0169,0,,,,
30.575,6.4956,99.1145,0.2827,0.0426,0.000006,0.000027,-0.000072,0.000077,10.1654,1.0179,0,,,,
30.600,6.4954,99.1162,-0.1751,-0.1227,0.000006,0.000027,-0.000072,0.000077,10.1757,1.0190,0,,,,
30.624,6.4954,99.1182,0.0107,-0.0077,0.000007,0.000027,-0.000072,0.000077,10.1827,1.0198,0,,,,
30.651,6.4811,99.0976,-0.9858,-0.9157,0.000007,0.000027,-0.000072,0.000077,10.1916,1.0209,0,,,,
30.675,6.4667,99.0782,-0.9032,-1.0510,0.000007,0.000027,-0.000072,0.000077,10.1963,1.0214,0,,,,
30.702,6.4264,99.0499,0.0646,0.0580,0.000008,0.000027,-0.000072,0.000077,10.2087,1.0228,0,,,,
30.725,6.4419,99.0693,1.7634,1.5558,0.000009,0.000026,-0.000072,0.000077,10.2165,1.0237,0,,,,
30.751,6.4915,99.1188,1.5377,0.8974,0.000009,0.000026,-0.000072,0.000077,10.2257,1.0247,0,,,,
30.775,6.4332,99.0070,0.1857,0.2103,0.000009,0.000026,-0.000072,0.000077,10.2334,1.0256,0,,,,
30.800,6.3884,98.9969,-1.3426,-1.3881,0.000010,0.000026,-0.000072,0.000077,10.2424,1.0266,0,,,,
30.825,6.3262,98.9432,-1.5582,-1.6055,0.000010,0.000026,-0.000072,0.000077,10.2504,1.0275,0,,,,
30.852,6.2833,98.8944,-2.2435,-2.2146,0.000011,0.000025,-0.000071,0.000077,10.2589,1.0284,0,,,,
30.877,6.2210,98.8415,-2.8248,-2.8489,0.000011,0.000025,-0.000071,0.000076,10.2668,1.0293,0,,,,
30.900,6.1357,98.7808,-3.4620,-3.6889,0.000012,0.000025,-0.000071,0.000076,10.2746,1.0301,0,,,,
30.925,6.0390,98.6604,-3.6981,-3.7307,0.000012,0.000025,-0.000071,0.000076,10.2821,1.0309,0,,,,
30.951,5.9556,98.5982,-2.6847,-2.6980,0.000012,0.000025,-0.000071,0.000076,10.2903,1.0318,0,,,,
30.975,5.8843,98.5066,-3.2951,-3.2413,0.000013,0.000025,-0.000071,0.000076,10.2977,1.0325,0,,,,
31.000,5.7963,98.4074,-2.9113,-3.0966,0.000013,0.000025,-0.000070,0.000076,10.3052,1.0333,0,,,,
31.024,5.6497,98.2276,-3.0648,-3.4869,0.000014,0.000025,-0.000070,0.000076,10.3125,1.0340,0,,,,
31.049,5.5323,98.1299,-3.1137,-2.4391,0.000014,0.000024,-0.000070,0.000075,10.3199,1.0348,0,,,,
31.074,5.4686,98.0889,-1.7184,-1.5972,0.000014,0.000024,-0.000070,0.000075,10.3269,1.0354,0,,,,
31.099,5.4285,98.0600,-1.3398,-1.3292,0.000015,0.000024,-0.000069,0.000075,10.3344,1.0361,0,,,,
31.126,5.3930,98.0163,-1.0644,-1.0094,0.000015,0.000024,-0.000069,0.000075,10.3412,1.0368,0,,,,
31.150,5.3686,97.9839,-1.6935,-1.8057,0.000016,0.000023,-0.000069,0.000074,10.3483,1.0375,0,,,,
31.174,5.3207,97.9390,-2.7886,-2.7664,0.000016,0.000023,-0.000069,0.000074,10.3550,1.0381,0,,,,
31.200,5.2194,97.8390,-3.5590,-3.5234,0.000016,0.000023,-0.000068,0.000074,10.3632,1.0388,0,,,,
31.224,5.1456,97.7665,-3.7252,-3.5721,0.000017,0.000023,-0.000068,0.000074,10.3689,1.0394,0,,,,
31.249,5.0364,97.6855,-4.1348,-4.1505,0.000017,0.000023,-0.000068,0.000074,10.3759,1.0400,0,,,,
31.274,4.8882,97.4733,-2.8809,-2.9000,0.000017,0.000022,-0.000067,0.000073,10.3824,1.0405,0,,,,
31.300,4.7876,97.3837,-3.6328,-3.5978,0.000018,0.000022,-0.000067,0.000073,10.3892,1.0411,0,,,,
31.326,4.6837,97.2999,-4.3395,-4.5001,0.000018,0.000022,-0.000067,0.000073,10.3955,1.0416,0,,,,
31.354,4.5698,97.1834,-2.7385,-2.7427,0.000018,0.000022,-0.000066,0.000072,10.4024,1.0422,0,,,,
31.375,4.5192,97.1459,-0.9207,-1.0393,0.000018,0.000022,-0.000066,0.000072,10.4086,1.0427,0,,,,
31.406,4.5116,97.1426,0.4665,0.4537,0.000019,0.000022,-0.000066,0.000072,10.4151,1.0432,0,,,,
31.428,4.5303,97.1556,0.7903,0.7361,0.000019,0.000021,-0.000066,0.000071,10.4211,1.0437,0,,,,
31.450,4.5430,97.1614,-0.4025,-0.2986,0.000019,0.000021,-0.000065,0.000071,10.4274,1.0442,0,,,,
31.475,4.5299,97.1490,-0.7679,-0.9530,0.000019,0.000021,-0.000065,0.000071,10.4329,1.0446,0,,,,
31.500,4.4967,97.1185,-1.0880,-0.5655,0.000020,0.000021,-0.000065,0.000071,10.4407,1.0452,0,,,,
31.526,4.4514,96.9990,-1.6000,-1.4045,0.000020,0.000021,-0.000064,0.000070,10.4432,1.0454,0,,,,
31.550,4.3364,96.9565,-2.3352,-2.2739,0.000020,0.000021,-0.000064,0.000070,10.4521,1.0461,0,,,,
31.575,4.2673,96.8851,-2.4288,-2.5323,0.000020,0.000020,-0.000063,0.000069,10.4578,1.0465,0,,,,
31.602,4.1987,96.8100,-2.5492,-2.7045,0.000020,0.000020,-0.000063,0.000069,10.4637,1.0470,0,,,,
31.626,4.1417,96.7643,-1.5400,-1.7509,0.000021,0.000020,-0.000063,0.000069,10.4693,1.0474,0,,,,
31.649,4.1173,96.7431,-0.3480,0.1694,0.000021,0.000020,-0.000063,0.000069,10.4764,1.0479,0,,,,
31.675,4.1263,96.7505,0.3234,0.4354,0.000021,0.000019,-0.000062,0.000068,10.4811,1.0482,0,,,,
31.699,4.1300,96.7515,-0.1005,-0.0505,0.000021,0.000019,-0.000061,0.000068,10.4873,1.0487,0,,,,
31.725,4.1231,96.7440,-0.4955,-0.3868,0.000021,0.000019,-0.000061,0.000067,10.4927,1.0491,0,,,,
31.750,4.1030,96.7204,-0.8244,-0.6255,0.000021,0.000019,-0.000061,0.000067,10.4990,1.0495,0,,,,
31.775,4.0337,96.6228,-0.2093,-0.1956,0.000021,0.000019,-0.000060,0.000067,10.5043,1.0499,0,,,,
31.801,4.0154,96.6318,0.4651,1.0229,0.000022,0.000019,-0.000060,0.000066,10.5119,1.0504,0,,,,
31.825,4.0378,96.6592,1.4850,1.4633,0.000022,0.000018,-0.000060,0.000066,10.5165,1.0507,0,,,,
31.849,4.0622,96.6792,0.3970,0.3074,0.000022,0.000018,-0.000059,0.000066,10.5236,1.0512,0,,,,
31.876,4.0551,96.6747,-0.6933,-0.7669,0.000022,0.000018,-0.000059,0.000065,10.5293,1.0516,0,,,,
31.901,4.0384,96.6503,-0.9045,-0.8363,0.000022,0.000018,-0.000058,0.000065,10.5340,1.0520,0,,,,
31.925,4.0079,96.6292,-1.2316,-1.3725,0.000022,0.000018,-0.000058,0.000064,10.5409,1.0525,0,,,,
31.951,3.9838,96.6050,-0.4999,-0.4512,0.000022,0.000017,-0.000057,0.000064,10.5496,1.0531,0,,,,
31.975,3.9703,96.5932,-0.4949,-0.5291,0.000022,0.000017,-0.000057,0.000063,10.5555,1.0535,0,,,,
32.002,3.9666,96.5934,0.4647,0.4571,0.000022,0.000017,-0.000056,0.000063,10.5623,1.0540,0,,,,
32.024,3.9298,96.5232,0.4329,0.2641,0.000022,0.000017,-0.000056,0.000063,10.5679,1.0543,0,,,,
32.049,3.9219,96.5301,-0.3883,-0.4927,0.000022,0.000017,-0.000055,0.000062,10.5749,1.0548,0,,,,
32.074,3.8993,96.5174,-0.4744,-0.5604,0.000022,0.000016,-0.000055,0.000062,10.5807,1.0552,0,,,,
32.099,3.8924,96.5150,0.0701,-0.3771,0.000022,0.000016,-0.000055,0.000061,10.5887,1.0558,0,,,,
32.126,3.8883,96.5101,-0.6220,-0.6764,0.000022,0.000016,-0.000054,0.000061,10.5913,1.0559,0,,,,
32.150,3.8662,96.4890,-0.3673,-0.3445,0.000023,0.000016,-0.000054,0.000061,10.6004,1.0566,0,,,,
32.176,3.8576,96.4785,-0.7682,-0.6173,0.000022,0.000016,-0.000054,0.000060,10.6062,1.0569,0,,,,
32.199,3.8312,96.4460,-1.1389,-1.2357,0.000023,0.000015,-0.000053,0.000060,10.6130,1.0574,0,,,,
32.226,3.8053,96.4296,-0.3092,-0.2221,0.000023,0.000015,-0.000053,0.000059,10.6188,1.0578,0,,,,
32.253,3.7993,96.4196,-0.4247,-0.6149,0.000022,0.000015,-0.000052,0.000059,10.6259,1.0583,0,,,,
32.275,3.7446,96.3410,-0.2227,-0.3591,0.000022,0.000015,-0.000051,0.000058,10.6318,1.0587,0,,,,
32.299,3.7280,96.3400,0.2290,0.4252,0.000022,0.000015,-0.000051,0.000058,10.6383,1.0591,0,,,,
32.327,3.7221,96.3405,-0.4679,-0.2537,0.000022,0.000015,-0.000051,0.000058,10.6441,1.0594,0,,,,
32.353,3.7077,96.3301,0.3518,0.3720,0.000022,0.000014,-0.000051,0.000057,10.6510,1.0599,0,,,,
32.375,3.7155,96.3382,0.3596,0.3408,0.000022,0.000014,-0.000050,0.000057,10.6566,1.0603,0,,,,
32.400,3.7115,96.3324,-0.4187,-0.6333,0.000022,0.000014,-0.000050,0.000056,10.6638,1.0607,0,,,,
32.425,3.6934,96.3149,-0.8237,-0.6826,0.000022,0.000014,-0.000049,0.000056,10.6687,1.0610,0,,,,
32.452,3.6684,96.2902,-0.7668,-0.6413,0.000022,0.000014,-0.000049,0.000055,10.6755,1.0615,0,,,,
32.475,3.6466,96.2666,-1.2781,-1.1206,0.000022,0.000014,-0.000049,0.000055,10.6810,1.0618,0,,,,
32.500,3.6150,96.2319,-1.1245,-1.1008,0.000022,0.000014,-0.000048,0.000055,10.6879,1.0623,0,,,,
32.525,3.5489,96.1467,-1.0793,-0.9622,0.000022,0.000014,-0.000048,0.000054,10.6935,1.0626,0,,,,
32.550,3.5013,96.1193,-0.8048,-0.6511,0.000021,0.000013,-0.000048,0.000054,10.7006,1.0631,0,,,,
32.574,3.4890,96.1114,-0.0290,-0.0351,0.000021,0.000013,-0.000047,0.000054,10.7054,1.0634,0,,,,
32.600,3.4878,96.1095,-0.1366,0.0763,0.000021,0.000013,-0.000047,0.000053,10.7125,1.0638,0,,,,
32.627,3.4750,96.0956,-0.5218,-0.6860,0.000021,0.000013,-0.000046,0.000053,10.7182,1.0641,0,,,,
32.652,3.4525,96.0741,-0.5184,-0.4841,0.000021,0.000013,-0.000046,0.000052,10.7251,1.0646,0,,,,
32.675,3.4414,96.0640,-0.6307,-0.5503,0.000021,0.000013,-0.000046,0.000052,10.7306,1.0649,0,,,,
32.701,3.4227,96.0463,-0.5284,-0.1000,0.000020,0.000013,-0.000046,0.000052,10.7381,1.0653,0,,,,
32.725,3.4245,96.0474,0.1554,0.1110,0.000020,0.000012,-0.000046,0.000051,10.7430,1.0656,0,,,,
32.750,3.4224,96.0470,-0.4735,-0.5249,0.000020,0.000012,-0.000045,0.000051,10.7502,1.0661,0,,,,
32.776,3.3589,95.9589,-1.3223,-1.3594,0.000020,0.000012,-0.000045,0.000051,10.7559,1.0664,0,,,,
32.800,3.3000,95.9093,-1.7067,-1.7532,0.000020,0.000012,-0.000044,0.000050,10.7636,1.0668,0,,,,
32.825,3.2538,95.8764,-1.4321,-1.6153,0.000020,0.000012,-0.000044,0.000050,10.7695,1.0672,0,,,,
32.851,3.2300,95.8561,-0.3367,0.3896,0.000019,0.000012,-0.000044,0.000050,10.7772,1.0676,0,,,,
32.874,3.2438,95.8672,0.5964,0.6457,0.000019,0.000012,-0.000044,0.000049,10.7823,1.0679,0,,,,
32.902,3.2643,95.8930,1.2682,1.3261,0.000019,0.000012,-0.000044,0.000049,10.7893,1.0683,0,,,,
32.924,3.2940,95.9170,1.3093,1.5714,0.000019,0.000012,-0.000043,0.000049,10.7951,1.0686,0,,,,
32.951,3.3360,95.9618,1.1152,1.0329,0.000019,0.000012,-0.000043,0.000048,10.8022,1.0690,0,,,,
32.974,3.3568,95.9781,0.7314,0.8953,0.000018,0.000011,-0.000043,0.000048,10.8081,1.0694,0,,,,
33.000,3.3761,95.9975,0.7354,0.2883,0.000018,0.000011,-0.000043,0.000048,10.8154,1.0698,0,,,,
33.024,3.3466,95.9490,0.5750,0.6836,0.000018,0.000011,-0.000042,0.000047,10.8204,1.0701,0,,,,
33.051,3.3556,95.9709,0.2170,0.0879,0.000018,0.000011,-0.000042,0.000047,10.8274,1.0705,0,,,,
33.075,3.3566,95.9776,0.4348,0.4504,0.000017,0.000011,-0.000042,0.000047,10.8333,1.0709,0,,,,
33.100,3.3577,95.9766,-0.2469,-0.2972,0.000017,0.000011,-0.000042,0.000047,10.8403,1.0713,0,,,,
33.124,3.3512,95.9738,0.0778,0.1050,0.000017,0.000011,-0.000042,0.000047,10.8461,1.0716,0,,,,
33.149,3.3424,95.9633,-0.5607,-0.4281,0.000017,0.000011,-0.000042,0.000046,10.8533,1.0720,0,,,,
33.175,3.3334,95.9566,0.0028,0.1828,0.000017,0.000011,-0.000041,0.000046,10.8583,1.0723,0,,,,
33.202,3.3412,95.9643,0.5066,0.4842,0.000016,0.000011,-0.000041,0.000046,10.8652,1.0727,0,,,,
33.225,3.3547,95.9776,0.7248,0.6652,0.000016,0.000011,-0.000041,0.000046,10.8707,1.0731,0,,,,
33.252,3.3750,96.0039,1.3328,1.2125,0.000016,0.000011,-0.000041,0.000046,10.8777,1.0735,0,,,,
33.275,3.3786,95.9846,1.7118,1.8666,0.000016,0.000011,-0.000041,0.000045,10.8833,1.0738,0,,,,
33.300,3.4160,96.0351,1.6617,1.6551,0.000015,0.000010,-0.000041,0.000045,10.8903,1.0742,0,,,,
33.326,3.4324,96.0732,1.9383,2.1359,0.000015,0.000010,-0.000041,0.000045,10.8927,1.0744,0,,,,
33.359,3.5061,96.1306,1.7174,1.7099,0.000015,0.000011,-0.000041,0.000045,10.9024,1.0749,0,,,,
33.378,3.5396,96.1616,1.5429,1.6567,0.000015,0.000011,-0.000041,0.000045,10.9078,1.0753,0,,,,
33.399,3.5802,96.2070,1.3758,1.4792,0.000014,0.000011,-0.000041,0.000045,10.9142,1.0757,0,,,,
33.426,3.6080,96.2279,0.7088,0.7921,0.000014,0.000010,-0.000041,0.000045,10.9199,1.0760,0,,,,
33.451,3.6183,96.2436,0.4819,0.6897,0.000014,0.000010,-0.000041,0.000044,10.9266,1.0764,0,,,,
33.474,3.6453,96.2696,1.7450,1.8848,0.000014,0.000010,-0.000041,0.000044,10.9319,1.0768,0,,,,
33.501,3.6973,96.3256,1.5941,1.5678,0.000014,0.000010,-0.000041,0.000044,10.9391,1.0772,0,,,,
33.525,3.7056,96.3114,1.7693,1.9748,0.000014,0.000010,-0.000041,0.000044,10.9447,1.0776,0,,,,
33.549,3.7467,96.3690,1.8773,1.8616,0.000013,0.000011,-0.000041,0.000044,10.9511,1.0780,0,,,,
33.575,3.7834,96.4047,1.9091,2.0749,0.000013,0.000011,-0.000040,0.000044,10.9569,1.0784,0,,,,
33.600,3.8470,96.4690,2.2326,2.2928,0.000013,0.000011,-0.000041,0.000044,10.9644,1.0789,0,,,,
33.624,3.8907,96.5109,1.7374,1.9474,0.000013,0.000010,-0.000041,0.000044,10.9693,1.0792,0,,,,
33.649,3.9275,96.5389,1.1522,1.0903,0.000013,0.000010,-0.000041,0.000044,10.9760,1.0797,0,,,,
33.675,3.9446,96.5654,0.7438,0.6485,0.000012,0.000010,-0.000041,0.000044,10.9816,1.0801,0,,,,
33.700,3.9643,96.5787,0.6914,0.8253,0.000012,0.000010,-0.000041,0.000044,10.9878,1.0805,0,,,,
33.724,3.9849,96.6088,1.6270,1.6762,0.000012,0.000010,-0.000040,0.000043,10.9927,1.0808,0,,,,
33.749,4.0448,96.6686,2.0390,2.5152,0.000012,0.000011,-0.000040,0.000043,11.0007,1.0814,0,,,,
33.775,4.0630,96.6662,1.8787,1.8920,0.000012,0.000011,-0.000040,0.000043,11.0056,1.0817,0,,,,
33.800,4.0871,96.6933,0.9319,0.8812,0.000012,0.000011,-0.000041,0.000043,11.0121,1.0822,0,,,,
33.826,4.0891,96.7103,0.3895,0.4194,0.000011,0.000011,-0.000041,0.000044,11.0152,1.0824,0,,,,
33.850,4.0952,96.7207,0.9473,0.7945,0.000011,0.000011,-0.000041,0.000043,11.0242,1.0831,0,,,,
33.877,4.1209,96.7442,1.3404,1.0614,0.000011,0.000011,-0.000041,0.000043,11.0298,1.0835,0,,,,
33.900,4.1738,96.8004,2.1247,2.1683,0.000011,0.000011,-0.000041,0.000043,11.0367,1.0840,0,,,,
33.924,4.2217,96.8460,2.0423,2.2766,0.000011,0.000011,-0.000041,0.000043,11.0414,1.0843,0,,,,
33.950,4.2721,96.8818,1.6461,1.6742,0.000011,0.000011,-0.000041,0.000043,11.0480,1.0848,0,,,,
33.975,4.2978,96.9202,1.2080,0.9888,0.000010,0.000011,-0.000041,0.000043,11.0535,1.0852,0,,,,
34.000,4.3301,96.9573,1.6133,1.5454,0.000010,0.000011,-0.000041,0.000043,11.0602,1.0857,0,,,,
34.025,4.3345,96.9399,1.9752,1.7578,0.000010,0.000011,-0.000041,0.000043,11.0658,1.0861,0,,,,
34.050,4.3820,97.0066,2.2581,2.0661,0.000010,0.000011,-0.000041,0.000043,11.0731,1.0867,0,,,,
34.075,4.4278,97.0492,1.9311,2.0929,0.000010,0.000011,-0.000041,0.000043,11.0788,1.0871,0,,,,
34.100,4.4757,97.0833,1.3349,1.5480,0.000010,0.000011,-0.000041,0.000043,11.0865,1.0877,0,,,,
34.125,4.4885,97.1094,0.7916,0.8009,0.000010,0.000012,-0.000041,0.000043,11.0922,1.0882,0,,,,
34.153,4.5168,97.1449,1.7184,1.7477,0.000009,0.000012,-0.000041,0.000044,11.0998,1.0888,0,,,,
34.174,4.5573,97.1807,1.9878,1.9125,0.000009,0.000012,-0.000041,0.000044,11.1053,1.0892,0,,,,
34.200,4.6326,97.2561,2.7418,2.6499,0.000009,0.000012,-0.000041,0.000044,11.1133,1.0898,0,,,,
34.225,4.6816,97.3012,1.9417,1.7434,0.000009,0.000012,-0.000041,0.000043,11.1184,1.0903,0,,,,
34.252,4.7187,97.3418,1.2892,1.1849,0.000009,0.000012,-0.000041,0.000044,11.1258,1.0909,0,,,,
34.275,4.7169,97.3205,2.3136,2.1658,0.000009,0.000012,-0.000041,0.000044,11.1317,1.0913,0,,,,
34.300,4.7765,97.3996,2.7357,2.3461,0.000009,0.000013,-0.000041,0.000044,11.1388,1.0919,0,,,,
34.325,4.8216,97.4415,2.1031,2.1487,0.000009,0.000013,-0.000041,0.000044,11.1446,1.0924,0,,,,
34.349,4.8731,97.4917,1.4505,1.0045,0.000009,0.000013,-0.000041,0.000044,11.1531,1.0931,0,,,,
34.374,4.8831,97.5027,0.2124,0.2139,0.000009,0.000013,-0.000041,0.000044,11.1584,1.0936,0,,,,
34.399,4.8773,97.4987,-0.3321,-0.2070,0.000009,0.000013,-0.000041,0.000044,11.1664,1.0943,0,,,,
34.425,4.8783,97.5011,0.2319,0.2852,0.000009,0.000013,-0.000041,0.000044,11.1727,1.0948,0,,,,
34.450,4.8840,97.5084,0.5403,0.5365,0.000009,0.000014,-0.000041,0.000044,11.1813,1.0955,0,,,,
34.474,4.8968,97.5190,0.4967,0.4518,0.000009,0.000014,-0.000041,0.000044,11.1877,1.0961,0,,,,
34.500,4.9218,97.5459,1.0925,1.7635,0.000008,0.000014,-0.000041,0.000044,11.1982,1.0970,0,,,,
34.525,4.9276,97.5303,2.9924,3.2100,0.000008,0.000014,-0.000041,0.000044,11.2041,1.0975,0,,,,
34.549,4.9876,97.5833,2.2292,2.3277,0.000008,0.000014,-0.000041,0.000044,11.2144,1.0984,0,,,,
34.575,5.0244,97.6437,1.9039,1.9461,0.000008,0.000014,-0.000041,0.000044,11.2217,1.0990,0,,,,
34.600,5.0724,97.6979,1.9027,1.8232,0.000008,0.000015,-0.000041,0.000044,11.2326,1.1000,0,,,,
34.625,5.1144,97.7385,2.1170,2.1039,0.000008,0.000015,-0.000041,0.000044,11.2402,1.1006,0,,,,
34.649,5.1710,97.7939,1.7932,1.9473,0.000008,0.000015,-0.000041,0.000044,11.2526,1.1018,0,,,,
34.674,5.2087,97.8319,1.9252,1.7243,0.000008,0.000015,-0.000041,0.000044,11.2597,1.1024,0,,,,
34.699,5.2606,97.8695,2.1521,2.0602,0.000008,0.000015,-0.000041,0.000044,11.2716,1.1035,0,,,,
34.724,5.3069,97.9292,1.7927,1.8585,0.000008,0.000016,-0.000040,0.000044,11.2802,1.1043,0,,,,
34.749,5.3589,97.9914,2.7112,2.8388,0.000007,0.000016,-0.000040,0.000044,11.2917,1.1053,0,,,,
34.774,5.3775,97.9745,3.0672,3.0874,0.000007,0.000016,-0.000040,0.000044,11.3007,1.1062,0,,,,
34.799,5.4445,98.0603,2.6417,2.7271,0.000007,0.000016,-0.000040,0.000044,11.3123,1.1073,0,,,,
34.824,5.4896,98.1073,1.8592,1.6885,0.000007,0.000016,-0.000040,0.000044,11.3201,1.1080,0,,,,
34.849,5.5432,98.1477,2.7311,2.8049,0.000007,0.000017,-0.000040,0.000044,11.3309,1.1091,0,,,,
34.875,5.6002,98.2184,1.3315,1.2953,0.000007,0.000017,-0.000040,0.000044,11.3401,1.1100,0,,,,
34.899,5.6434,98.2743,2.4253,2.5637,0.000006,0.000017,-0.000040,0.000044,11.3497,1.1109,0,,,,
34.924,5.6947,98.3152,2.0335,1.8342,0.000006,0.000017,-0.000040,0.000044,11.3584,1.1118,0,,,,
34.949,5.7603,98.3820,2.3284,2.2341,0.000006,0.000018,-0.000040,0.000044,11.3693,1.1129,0,,,,
34.974,5.7970,98.4172,1.8232,1.7348,0.000007,0.000018,-0.000039,0.000044,11.3770,1.1136,0,,,,
35.002,5.8516,98.4782,1.8783,1.8997,0.000006,0.000018,-0.000039,0.000044,11.3851,1.1145,0,,,,
35.024,5.8403,98.4313,1.7533,1.7531,0.000006,0.000018,-0.000039,0.000044,11.3936,1.1153,0,,,,
35.050,5.8692,98.4851,1.6459,1.7176,0.000006,0.000018,-0.000039,0.000044,11.4019,1.1162,0,,,,
35.074,5.8933,98.5123,1.2091,1.1379,0.000006,0.000018,-0.000039,0.000044,11.4103,1.1171,0,,,,
35.099,5.9398,98.5634,1.9955,1.8718,0.000006,0.000019,-0.000039,0.000044,11.4190,1.1180,0,,,,
35.124,5.9750,98.5956,0.9447,1.0156,0.000006,0.000019,-0.000039,0.000043,11.4260,1.1187,0,,,,
35.151,5.9899,98.6082,-0.0323,0.1508,0.000006,0.000019,-0.000038,0.000043,11.4335,1.1195,0,,,,
35.174,5.9840,98.6034,-0.3262,-0.3415,0.000006,0.000019,-0.000038,0.000043,11.4414,1.1203,0,,,,
35.199,5.9699,98.5854,-1.4003,-1.5069,0.000006,0.000020,-0.000038,0.000043,11.4481,1.1210,0,,,,
35.224,5.9253,98.5457,-2.2447,-2.4424,0.000006,0.000020,-0.000038,0.000043,11.4556,1.1218,0,,,,
35.249,5.8734,98.4973,-1.3079,-0.8770,0.000006,0.000020,-0.000038,0.000043,11.4639,1.1227,0,,,,
35.274,5.8080,98.4004,-0.1473,-0.0750,0.000006,0.000020,-0.000038,0.000043,11.4701,1.1233,0,,,,
35.299,5.7840,98.3979,-0.2520,-0.3570,0.000006,0.000020,-0.000038,0.000043,11.4769,1.1240,0,,,,
35.324,5.7609,98.3792,-1.1524,-1.3016,0.000006,0.000020,-0.000038,0.000043,11.4838,1.1247,0,,,,
35.350,5.7311,98.3511,-0.5850,-0.5168,0.000005,0.000020,-0.000038,0.000043,11.4900,1.1253,0,,,,
35.374,5.7210,98.3441,-0.0049,0.1266,0.000005,0.000021,-0.000038,0.000043,11.4963,1.1259,0,,,,
35.400,5.7342,98.3514,0.6758,0.8709,0.000005,0.000020,-0.000038,0.000043,11.5032,1.1266,0,,,,
35.424,5.7621,98.3841,1.1685,0.9682,0.000006,0.000021,-0.000038,0.000043,11.5096,1.1272,0,,,,
35.449,5.7789,98.3983,0.1669,0.1315,0.000005,0.000021,-0.000037,0.000043,11.5162,1.1279,0,,,,
35.474,5.7649,98.3850,-0.8802,-0.6186,0.000005,0.000021,-0.000037,0.000043,11.5223,1.1285,0,,,,
35.499,5.7301,98.3400,-2.0132,-2.2266,0.000005,0.000021,-0.000037,0.000043,11.5289,1.1292,0,,,,
35.524,5.6188,98.2081,-1.9620,-1.6927,0.000005,0.000021,-0.000037,0.000043,11.5350,1.1298,0,,,,
35.549,5.5476,98.1628,-1.4919,-1.4022,0.000005,0.000021,-0.000037,0.000043,11.5430,1.1306,0,,,,
35.574,5.5105,98.1300,-1.8366,-1.9303,0.000005,0.000021,-0.000037,0.000043,11.5483,1.1311,0,,,,
35.600,5.4598,98.0930,-1.4282,-1.5123,0.000005,0.000022,-0.000037,0.000043,11.5557,1.1318,0,,,,
35.625,5.4526,98.0776,0.0453,-0.1328,0.000005,0.000022,-0.000037,0.000043,11.5619,1.1324,0,,,,
35.650,5.4582,98.0885,1.2050,1.2691,0.000005,0.000022,-0.000037,0.000043,11.5696,1.1331,0,,,,
35.674,5.4974,98.1227,2.0304,1.9581,0.000005,0.000022,-0.000037,0.000043,11.5759,1.1337,0,,,,
35.699,5.5573,98.1801,1.8586,1.6818,0.000005,0.000022,-0.000037,0.000043,11.5850,1.1346,0,,,,
35.724,5.5905,98.2107,1.3648,1.4278,0.000005,0.000022,-0.000037,0.000043,11.5905,1.1352,0,,,,
35.749,5.6153,98.2315,0.5443,0.6907,0.000004,0.000022,-0.000037,0.000043,11.5984,1.1359,0,,,,
35.775,5.5726,98.1328,-0.0646,-0.1818,0.000004,0.000022,-0.000036,0.000043,11.6021,1.1363,0,,,,
35.799,5.5280,98.1351,-0.1789,-0.2396,0.000004,0.000023,-0.000036,0.000043,11.6130,1.1374,0,,,,
35.824,5.5088,98.1276,-0.4479,-0.6271,0.000004,0.000023,-0.000036,0.000043,11.6196,1.1380,0,,,,
35.849,5.4934,98.1160,-0.2960,-0.4809,0.000004,0.000023,-0.000036,0.000043,11.6282,1.1388,0,,,,
35.874,5.4747,98.0962,-0.9384,-0.8947,0.000004,0.000023,-0.000036,0.000043,11.6339,1.1394,0,,,,
35.899,5.4591,98.0843,-0.1922,-0.2500,0.000004,0.000023,-0.000036,0.000043,11.6420,1.1401,0,,,,
35.924,5.4756,98.0997,1.0463,1.1104,0.000004,0.000023,-0.000036,0.000043,11.6485,1.1408,0,,,,
35.950,5.5067,98.1339,1.1965,1.2297,0.000004,0.000023,-0.000036,0.000043,11.6559,1.1415,0,,,,
35.974,5.5313,98.1526,0.6278,0.4502,0.000004,0.000023,-0.000036,0.000043,11.6625,1.1421,0,,,,
35.999,5.5391,98.1594,0.0928,0.3889,0.000003,0.000023,-0.000036,0.000043,11.6702,1.1429,0,,,,
36.024,5.4841,98.0719,1.1031,1.0244,0.000003,0.000023,-0.000036,0.000043,11.6758,1.1434,0,,,,
36.049,5.4902,98.0935,1.1074,1.0012,0.000003,0.000024,-0.000036,0.000043,11.6831,1.1441,0,,,,
36.074,5.4969,98.1150,0.3372,0.4120,0.000003,0.000024,-0.000035,0.000043,11.6893,1.1447,0,,,,
36.099,5.4972,98.1139,-0.2068,-0.1703,0.000003,0.000024,-0.000035,0.000043,11.6962,1.1453,0,,,,
36.124,5.4863,98.1069,-0.4546,-0.6080,0.000003,0.000024,-0.000035,0.000043,11.7025,1.1460,0,,,,
36.149,5.4768,98.0997,-0.0742,0.2439,0.000003,0.000024,-0.000035,0.000043,11.7104,1.1467,0,,,,
36.175,5.4828,98.1050,0.1909,0.1778,0.000003,0.000024,-0.000035,0.000043,11.7158,1.1472,0,,,,
36.200,5.4890,98.1106,0.3249,0.3423,0.000003,0.000024,-0.000035,0.000043,11.7225,1.1479,0,,,,
36.224,5.4948,98.1156,0.1275,0.2876,0.000003,0.000024,-0.000035,0.000043,11.7288,1.1485,0,,,,
36.249,5.5018,98.1281,0.5981,0.9243,0.000002,0.000024,-0.000035,0.000043,11.7353,1.1491,0,,,,
36.274,5.4510,98.0348,0.4988,0.5756,0.000002,0.000024,-0.000035,0.000043,11.7414,1.1497,0,,,,
36.299,5.4361,98.0492,0.5083,0.4241,0.000002,0.000025,-0.000035,0.000043,11.7491,1.1504,0,,,,
36.324,5.4326,98.0496,-0.6251,-0.4890,0.000002,0.000025,-0.000035,0.000043,11.7542,1.1509,0,,,,
36.349,5.3937,98.0235,-2.0377,-2.0295,0.000002,0.000025,-0.000035,0.000043,11.7612,1.1516,0,,,,
36.375,5.3185,97.9379,-3.4059,-3.3793,0.000002,0.000025,-0.000035,0.000043,11.7673,1.1521,0,,,,
36.400,5.2172,97.8243,-4.0702,-4.0043,0.000002,0.000025,-0.000035,0.000043,11.7740,1.1528,0,,,,
36.424,5.1258,97.7477,-3.3639,-3.3593,0.000002,0.000025,-0.000035,0.000043,11.7799,1.1533,0,,,,
36.450,5.0489,97.6749,-2.0403,-1.4992,0.000002,0.000025,-0.000034,0.000043,11.7881,1.1540,0,,,,
36.474,5.0318,97.6566,-0.4071,-0.5376,0.000001,0.000026,-0.000034,0.000043,11.7933,1.1545,0,,,,
36.499,5.0460,97.6639,1.2447,1.2441,0.000001,0.000026,-0.000034,0.000043,11.8002,1.1551,0,,,,
36.524,5.0177,97.6020,1.6689,1.8794,0.000001,0.000026,-0.000034,0.000043,11.8062,1.1556,0,,,,
36.550,5.0365,97.6517,1.9742,1.7899,0.000001,0.000026,-0.000034,0.000043,11.8131,1.1562,0,,,,
36.574,5.0753,97.6969,2.5256,2.7986,0.000001,0.000026,-0.000034,0.000043,11.8192,1.1568,0,,,,
36.599,5.1307,97.7501,1.3319,0.7501,0.000001,0.000026,-0.000034,0.000043,11.8266,1.1574,0,,,,
36.624,5.1366,97.7564,0.3935,0.4293,0.000001,0.000026,-0.000034,0.000043,11.8292,1.1577,0,,,,
36.649,5.1196,97.7464,-0.8591,-0.9395,0.000001,0.000026,-0.000034,0.000043,11.8374,1.1584,0,,,,
36.674,5.0813,97.7011,-1.8636,-1.8635,0.000000,0.000026,-0.000034,0.000043,11.8429,1.1589,0,,,,
36.700,5.0307,97.6497,-1.0247,-1.2555,0.000000,0.000027,-0.000034,0.000043,11.8498,1.1595,0,,,,
36.726,5.0096,97.6336,-0.6357,-0.7234,-0.000000,0.000027,-0.000034,0.000043,11.8554,1.1600,0,,,,
36.758,4.9935,97.6177,-0.3220,-0.2185,-0.000000,0.000027,-0.000034,0.000043,11.8619,1.1606,0,,,,
36.774,4.9219,97.5021,0.1997,0.3383,-0.000000,0.000027,-0.000034,0.000043,11.8675,1.1610,0,,,,
36.800,4.9075,97.5103,0.8395,0.8221,-0.000000,0.000027,-0.000034,0.000043,11.8735,1.1616,0,,,,
36.825,4.9170,97.5366,0.8055,0.7678,-0.000000,0.000027,-0.000034,0.000043,11.8791,1.1620,0,,,,
36.850,4.9407,97.5651,0.7044,0.5297,-0.000001,0.000027,-0.000033,0.000043,11.8857,1.1626,0,,,,
36.874,4.9489,97.5693,-0.4810,-0.4561,-0.000001,0.000027,-0.000033,0.000043,11.8914,1.1631,0,,,,
36.900,4.9102,97.5296,-1.5953,-1.9454,-0.000001,0.000027,-0.000033,0.000043,11.8984,1.1637,0,,,,
36.925,4.8629,97.4833,-2.4484,-2.5573,-0.000001,0.000027,-0.000033,0.000043,11.9031,1.1641,0,,,,
36.949,4.7887,97.4330,-2.8075,-2.8075,-0.000001,0.000028,-0.000033,0.000043,11.9096,1.1647,0,,,,
36.974,4.7097,97.3301,-4.1139,-4.2243,-0.000001,0.000028,-0.000033,0.000043,11.9148,1.1651,0,,,,
37.001,4.5935,97.2043,-3.8797,-3.8880,-0.000001,0.000028,-0.000033,0.000043,11.9222,1.1657,0,,,,
37.025,4.4267,97.0054,-4.1348,-4.2479,-0.000001,0.000028,-0.000033,0.000044,11.9277,1.1661,0,,,,
37.049,4.2927,96.8930,-3.4658,-3.1106,-0.000001,0.000028,-0.000033,0.000044,11.9346,1.1666,0,,,,
37.075,4.2217,96.8435,-1.9166,-1.9134,-0.000002,0.000028,-0.000033,0.000044,11.9402,1.1671,0,,,,
37.100,4.1828,96.8124,-1.0946,-0.8729,-0.000002,0.000028,-0.000033,0.000044,11.9471,1.1676,0,,,,
37.124,4.1548,96.7748,-2.1253,-2.0345,-0.000002,0.000029,-0.000033,0.000044,11.9530,1.1680,0,,,,
37.150,4.0867,96.7004,-2.1282,-2.0908,-0.000002,0.000029,-0.000033,0.000044,11.9600,1.1685,0,,,,
37.174,4.0432,96.6671,-1.4297,-1.4027,-0.000002,0.000029,-0.000033,0.000044,11.9658,1.1689,0,,,,
37.201,3.9974,96.6170,-1.7256,-1.5829,-0.000002,0.000029,-0.000033,0.000044,11.9728,1.1694,0,,,,
37.224,3.9714,96.5963,-1.0337,-0.4534,-0.000002,0.000029,-0.000033,0.000044,11.9782,1.1698,0,,,,
37.249,3.9648,96.5911,-0.4850,-0.3325,-0.000003,0.000029,-0.000033,0.000044,11.9853,1.1703,0,,,,
37.274,3.8573,96.4329,-2.1226,-2.2627,-0.000003,0.000029,-0.000033,0.000044,11.9910,1.1707,0,,,,
37.301,3.7634,96.3609,-2.1256,-2.0589,-0.000003,0.000029,-0.000033,0.000045,11.9981,1.1712,0,,,,
37.324,3.7059,96.3233,-1.8094,-1.8127,-0.000003,0.000029,-0.000033,0.000045,12.0041,1.1715,0,,,,
37.351,3.6438,96.2647,-1.9127,-1.8706,-0.000003,0.000030,-0.000033,0.000045,12.0113,1.1720,0,,,,
37.374,3.6057,96.2273,-2.0870,-2.0501,-0.000003,0.000030,-0.000033,0.000045,12.0163,1.1723,0,,,,
37.400,3.5398,96.1798,-2.4764,-2.5902,-0.000004,0.000030,-0.000033,0.000045,12.0232,1.1728,0,,,,
37.428,3.4777,96.0989,-2.9237,-2.9633,-0.000004,0.000030,-0.000034,0.000045,12.0291,1.1731,0,,,,
37.450,3.4060,96.0231,-1.9317,-1.9440,-0.000004,0.000030,-0.000034,0.000045,12.0347,1.1735,0,,,,
37.476,3.3812,95.9919,-1.1452,-1.1127,-0.000004,0.000030,-0.000034,0.000045,12.0380,1.1737,0,,,,
37.499,3.3360,95.9592,-1.1585,-1.2946,-0.000004,0.000030,-0.000034,0.000045,12.0477,1.1742,0,,,,
37.524,3.2231,95.7991,-1.9321,-1.9365,-0.000004,0.000031,-0.000034,0.000046,12.0525,1.1745,0,,,,
37.549,3.1365,95.7554,-2.4810,-2.3344,-0.000004,0.000031,-0.000034,0.000046,12.0585,1.1748,0,,,,
37.575,3.0530,95.6692,-3.4329,-3.5487,-0.000005,0.000031,-0.000034,0.000046,12.0641,1.1751,0,,,,
37.599,2.9387,95.5421,-4.5882,-4.5947,-0.000005,0.000031,-0.000034,0.000046,12.0702,1.1754,0,,,,
37.624,2.8343,95.4563,-3.9424,-4.0059,-0.000005,0.000031,-0.000034,0.000046,12.0755,1.1757,0,,,,
37.649,2.7261,95.3486,-3.4081,-3.1355,-0.000005,0.000031,-0.000034,0.000047,12.0825,1.1761,0,,,,
37.674,2.6630,95.2854,-3.0404,-3.1448,-0.000005,0.000031,-0.000034,0.000047,12.0872,1.1763,0,,,,
37.699,2.5928,95.2322,-2.1815,-2.3348,-0.000005,0.000031,-0.000034,0.000047,12.0926,1.1765,0,,,,
37.724,2.5477,95.1705,-2.1213,-2.1805,-0.000005,0.000032,-0.000034,0.000047,12.0979,1.1768,0,,,,
37.751,2.4810,95.0916,-3.2094,-3.0479,-0.000006,0.000032,-0.000034,0.000047,12.1037,1.1770,0,,,,
37.774,2.3155,94.8879,-3.5879,-3.6564,-0.000006,0.000032,-0.000035,0.000047,12.1088,1.1772,0,,,,
37.799,2.1647,94.7773,-3.7186,-3.5806,-0.000006,0.000032,-0.000035,0.000048,12.1155,1.1775,0,,,,
37.825,2.0838,94.7025,-3.7475,-3.8213,-0.000006,0.000032,-0.000035,0.000048,12.1199,1.1777,0,,,,
37.849,1.9766,94.6286,-3.5914,-3.6918,-0.000006,0.000032,-0.000035,0.000048,12.1257,1.1779,0,,,,
37.875,1.9009,94.5233,-3.1366,-3.2697,-0.000006,0.000032,-0.000035,0.000048,12.1304,1.1780,0,,,,
37.900,1.8280,94.4425,-2.6009,-2.4534,-0.000007,0.000032,-0.000035,0.000048,12.1366,1.1782,0,,,,
37.927,1.7641,94.3829,-3.6189,-3.6721,-0.000007,0.000032,-0.000035,0.000048,12.1415,1.1784,0,,,,
37.951,1.6305,94.2495,-4.7839,-4.7926,-0.000007,0.000033,-0.000035,0.000049,12.1483,1.1786,0,,,,
37.974,1.5340,94.1557,-4.4729,-4.5687,-0.000007,0.000033,-0.000036,0.000049,12.1527,1.1787,0,,,,
38.001,1.4144,94.0231,-4.8301,-4.8867,-0.000007,0.000033,-0.000036,0.000049,12.1588,1.1789,0,,,,
38.025,1.2121,93.7854,-5.0643,-5.3538,-0.000007,0.000033,-0.000036,0.000049,12.1638,1.1790,0,,,,
38.051,1.0394,93.6343,-4.4548,-4.7312,-0.000007,0.000033,-0.000036,0.000050,12.1701,1.1791,0,,,,
38.075,0.9287,93.5499,-4.2344,-4.1307,-0.000008,0.000033,-0.000036,0.000050,12.1751,1.1792,0,,,,
38.099,0.8036,93.4251,-4.2312,-4.5618,-0.000008,0.000033,-0.000037,0.000050,12.1818,1.1793,0,,,,
38.125,0.7052,93.3250,-5.3769,-5.6416,-0.000008,0.000034,-0.000037,0.000050,12.1862,1.1794,0,,,,
38.150,0.5564,93.2164,-4.9628,-5.0723,-0.000008,0.000034,-0.000037,0.000051,12.1925,1.1794,0,,,,
38.174,0.4605,93.0847,-4.1685,-4.3018,-0.000009,0.000034,-0.000037,0.000051,12.1975,1.1795,0,,,,
38.199,0.3533,93.0047,-3.5326,-3.6148,-0.000009,0.000034,-0.000037,0.000051,12.2043,1.1795,0,,,,
38.224,0.2919,92.9180,-2.3396,-2.3586,-0.000009,0.000034,-0.000038,0.000051,12.2095,1.1796,0,,,,
38.249,0.2448,92.8714,-1.1230,-0.3279,-0.000009,0.000034,-0.000038,0.000051,12.2165,1.1796,0,,,,
38.274,0.1560,92.7311,0.2383,0.3394,-0.000010,0.000034,-0.000038,0.000052,12.2211,1.1796,0,,,,
38.299,0.1273,92.7319,-0.0189,-0.0130,-0.000010,0.000034,-0.000038,0.000052,12.2276,1.1796,0,,,,
38.325,0.1228,92.7559,1.7721,1.6224,-0.000010,0.000034,-0.000038,0.000052,12.2305,1.1796,0,,,,
38.350,0.1908,92.8252,2.7327,2.8876,-0.000010,0.000034,-0.000039,0.000053,12.2399,1.1797,0,,,,
38.374,0.2593,92.8808,2.7608,2.8459,-0.000010,0.000034,-0.000039,0.000053,12.2454,1.1797,0,,,,
38.400,0.3413,92.9634,2.8746,2.6512,-0.000010,0.000034,-0.000039,0.000053,12.2523,1.1797,0,,,,
38.424,0.3860,93.0043,1.3613,1.2665,-0.000010,0.000034,-0.000039,0.000053,12.2570,1.1797,0,,,,
38.449,0.4083,93.0218,0.6950,0.6789,-0.000011,0.000034,-0.000039,0.000053,12.2638,1.1798,0,,,,
38.475,0.4301,93.0521,1.2955,1.1743,-0.000011,0.000035,-0.000040,0.000054,12.2691,1.1798,0,,,,
38.503,0.4634,93.0865,1.0694,1.1050,-0.000011,0.000035,-0.000040,0.000054,12.2763,1.1799,0,,,,
38.534,0.3923,92.9751,1.4448,1.3101,-0.000011,0.000035,-0.000040,0.000055,12.2816,1.1799,0,,,,
38.551,0.3945,93.0019,1.4360,1.0942,-0.000011,0.000035,-0.000041,0.000055,12.2887,1.1800,0,,,,
38.574,0.3988,93.0160,0.6295,0.4731,-0.000011,0.000035,-0.000041,0.000055,12.2940,1.1800,0,,,,
38.601,0.4228,93.0487,1.3525,1.4974,-0.000012,0.000035,-0.000041,0.000055,12.3017,1.1801,0,,,,
38.624,0.4532,93.0733,1.0133,0.9459,-0.000012,0.000035,-0.000041,0.000055,12.3075,1.1801,0,,,,
38.649,0.4802,93.1015,0.5800,0.5636,-0.000012,0.000035,-0.000042,0.000056,12.3150,1.1802,0,,,,
38.674,0.4876,93.1059,-0.0768,-0.0514,-0.000012,0.000035,-0.000042,0.000056,12.3210,1.1802,0,,,,
38.699,0.4602,93.0790,-1.2427,-1.4319,-0.000012,0.000035,-0.000042,0.000056,12.3290,1.1803,0,,,,
38.724,0.4376,93.0609,-0.4138,-0.6423,-0.000013,0.000035,-0.000043,0.000057,12.3342,1.1803,0,,,,
38.749,0.4308,93.0572,0.2311,-0.0439,-0.000013,0.000035,-0.000043,0.000057,12.3416,1.1804,0,,,,
38.774,0.3633,92.9370,1.3875,1.4235,-0.000013,0.000035,-0.000043,0.000057,12.3477,1.1804,0,,,,
38.799,0.3656,92.9751,1.2886,1.0836,-0.000013,0.000035,-0.000044,0.000058,12.3545,1.1804,0,,,,
38.824,0.3717,92.9877,0.1253,0.1800,-0.000013,0.000036,-0.000044,0.000058,12.3606,1.1805,0,,,,
38.850,0.3740,92.9951,0.4363,0.6323,-0.000013,0.000036,-0.000044,0.000058,12.3662,1.1805,0,,,,
38.875,0.3851,93.0067,0.6797,0.5500,-0.000013,0.000036,-0.000045,0.000059,12.3719,1.1806,0,,,,
38.899,0.4093,93.0249,1.2105,1.2717,-0.000013,0.000036,-0.000045,0.000059,12.3798,1.1806,0,,,,
38.926,0.4493,93.0734,1.8344,1.9254,-0.000013,0.000036,-0.000046,0.000059,12.3859,1.1807,0,,,,
38.950,0.4915,93.1152,0.6462,0.6759,-0.000013,0.000036,-0.000046,0.000060,12.3920,1.1807,0,,,,
38.974,0.4980,93.1176,-0.0901,-0.2854,-0.000013,0.000036,-0.000046,0.000060,12.3979,1.1808,0,,,,
38.999,0.4957,93.1176,0.1516,-0.2088,-0.000014,0.000036,-0.000046,0.000060,12.4047,1.1808,0,,,,
39.024,0.3905,92.9600,-0.2920,-0.3577,-0.000014,0.000036,-0.000047,0.000061,12.4097,1.1809,0,,,,
39.049,0.3538,92.9576,0.2367,0.2006,-0.000014,0.000036,-0.000047,0.000061,12.4157,1.1809,0,,,,
39.074,0.3529,92.9704,0.5205,0.4641,-0.000014,0.000036,-0.000048,0.000061,12.4214,1.1809,0,,,,
39.099,0.3640,92.9876,0.7333,0.6198,-0.000014,0.000036,-0.000048,0.000062,12.4267,1.1810,0,,,,
39.124,0.3839,93.0082,1.4147,1.0881,-0.000014,0.000036,-0.000048,0.000062,12.4322,1.1810,0,,,,
39.150,0.4342,93.0577,1.7837,1.6962,-0.000014,0.000036,-0.000049,0.000062,12.4384,1.1810,0,,,,
39.174,0.4514,93.0737,1.4580,1.4165,-0.000014,0.000036,-0.000049,0.000062,12.4406,1.1811,0,,,,
39.199,0.4895,93.1065,0.6198,0.7731,-0.000014,0.000036,-0.000049,0.000063,12.4484,1.1811,0,,,,
39.224,0.4992,93.1210,0.3919,0.3102,-0.000014,0.000037,-0.000050,0.000063,12.4536,1.1812,0,,,,
39.251,0.5012,93.1199,-0.4167,-0.3343,-0.000014,0.000037,-0.000050,0.000064,12.4589,1.1812,0,,,,
39.274,0.3895,92.9565,-0.3144,-0.3398,-0.000014,0.000037,-0.000050,0.000064,12.4639,1.1812,0,,,,
39.299,0.3500,92.9624,0.5263,0.9154,-0.000014,0.000037,-0.000051,0.000064,12.4705,1.1813,0,,,,
39.324,0.3620,92.9820,0.9750,1.0374,-0.000014,0.000037,-0.000051,0.000064,12.4748,1.1813,0,,,,
39.349,0.3902,93.0036,1.2157,1.2881,-0.000014,0.000037,-0.000051,0.000065,12.4814,1.1814,0,,,,
39.374,0.4230,93.0456,1.5394,1.4225,-0.000014,0.000037,-0.000052,0.000065,12.4865,1.1814,0,,,,
39.401,0.4585,93.0818,0.5770,0.6902,-0.000014,0.000037,-0.000052,0.000065,12.4929,1.1814,0,,,,
39.424,0.4622,93.0807,-0.4114,-0.4994,-0.000014,0.000037,-0.000053,0.000066,12.4982,1.1815,0,,,,
39.449,0.4575,93.0801,0.2482,0.5096,-0.000014,0.000037,-0.000053,0.000066,12.5066,1.1815,0,,,,
39.474,0.4619,93.0829,-0.0634,-0.2452,-0.000014,0.000037,-0.000053,0.000066,12.5113,1.1816,0,,,,
39.499,0.4606,93.0831,0.3166,0.2359,-0.000014,0.000037,-0.000054,0.000067,12.5199,1.1816,0,,,,
39.524,0.3888,92.9568,0.7928,0.8591,-0.000013,0.000037,-0.000055,0.000067,12.5259,1.1817,0,,,,
39.551,0.3599,92.9602,0.1809,0.1450,-0.000013,0.000037,-0.000055,0.000068,12.5351,1.1817,0,,,,
39.574,0.3551,92.9759,1.3306,1.4339,-0.000013,0.000037,-0.000056,0.000068,12.5414,1.1818,0,,,,
39.599,0.3875,93.0078,0.9465,0.8717,-0.000013,0.000038,-0.000056,0.000069,12.5523,1.1819,0,,,,
39.624,0.4087,93.0320,1.2098,1.2762,-0.000013,0.000038,-0.000057,0.000069,12.5581,1.1819,0,,,,
39.649,0.4263,93.0440,0.1597,0.1264,-0.000013,0.000037,-0.000057,0.000070,12.5689,1.1820,0,,,,
39.674,0.4449,93.0689,1.2003,1.4068,-0.000013,0.000037,-0.000058,0.000070,12.5760,1.1820,0,,,,
39.699,0.4733,93.0946,0.8017,0.7386,-0.000013,0.000038,-0.000059,0.000071,12.5871,1.1821,0,,,,
39.727,0.4929,93.1150,0.9073,0.8793,-0.000013,0.000038,-0.000060,0.000072,12.5946,1.1822,0,,,,
39.749,0.5161,93.1396,0.8825,1.6264,-0.000013,0.000038,-0.000060,0.000072,12.6073,1.1823,0,,,,
39.774,0.4541,93.0241,1.9014,1.9835,-0.000012,0.000038,-0.000061,0.000073,12.6144,1.1823,0,,,,
39.799,0.4654,93.0575,1.7393,1.7697,-0.000012,0.000037,-0.000062,0.000073,12.6256,1.1824,0,,,,
39.824,0.4818,93.0975,0.5463,0.5977,-0.000012,0.000038,-0.000062,0.000074,12.6343,1.1825,0,,,,
39.849,0.4954,93.1208,0.7844,0.9491,-0.000011,0.000038,-0.000063,0.000075,12.6459,1.1826,0,,,,
39.877,0.5053,93.1252,-0.0100,-0.0021,-0.000011,0.000038,-0.000064,0.000075,12.6548,1.1826,0,,,,
39.900,0.5276,93.1422,1.5476,1.5567,-0.000011,0.000038,-0.000065,0.000076,12.6658,1.1827,0,,,,
39.925,0.5490,93.1715,1.3505,1.2480,-0.000011,0.000037,-0.000065,0.000076,12.6750,1.1828,0,,,,
39.949,0.5973,93.2090,1.7658,1.9586,-0.000010,0.000038,-0.000066,0.000077,12.6859,1.1829,0,,,,
39.975,0.6165,93.2381,0.9238,0.9839,-0.000010,0.000038,-0.000067,0.000077,12.6953,1.1830,0,,,,
39.999,0.6320,93.2543,0.5554,0.4936,-0.000009,0.000037,-0.000068,0.000078,12.7058,1.1831,0,,,,
40.024,0.5588,93.1300,2.1312,2.1758,-0.000009,0.000037,-0.000068,0.000078,12.7151,1.1832,0,,,,
40.050,0.5688,93.1787,1.3794,1.8148,-0.000009,0.000037,-0.000069,0.000079,12.7267,1.1833,0,,,,
40.074,0.5947,93.2115,1.2035,1.3727,-0.000008,0.000037,-0.000070,0.000079,12.7348,1.1834,0,,,,
40.099,0.6156,93.2278,1.0524,0.9838,-0.000007,0.000037,-0.000070,0.000080,12.7448,1.1835,0,,,,
40.124,0.6515,93.2734,0.9518,0.9067,-0.000007,0.000037,-0.000071,0.000080,12.7541,1.1836,0,,,,
40.150,0.6705,93.2948,0.5616,0.8374,-0.000006,0.000037,-0.000071,0.000081,12.7632,1.1837,0,,,,
40.174,0.6782,93.2968,-0.3392,-0.3025,-0.000006,0.000037,-0.000072,0.000081,12.7723,1.1839,0,,,,
40.199,0.6692,93.2918,-0.0593,0.8187,-0.000005,0.000037,-0.000072,0.000081,12.7829,1.1840,0,,,,
40.224,0.6786,93.2985,-0.0007,0.0043,-0.000005,0.000037,-0.000073,0.000082,12.7906,1.1841,0,,,,
40.249,0.6774,93.2987,0.1187,0.1152,-0.000004,0.000037,-0.000073,0.000082,12.7995,1.1842,0,,,,
40.274,0.5718,93.1401,-0.3288,-0.5494,-0.000004,0.000037,-0.000074,0.000083,12.8082,1.1843,0,,,,
40.299,0.5367,93.1454,0.7535,0.8180,-0.000003,0.000037,-0.000074,0.000083,12.8175,1.1844,0,,,,
40.324,0.5411,93.1581,0.7456,0.5696,-0.000002,0.000037,-0.000075,0.000083,12.8262,1.1844,0,,,,
40.351,0.5647,93.1898,1.1759,1.0159,-0.000002,0.000037,-0.000075,0.000083,12.8354,1.1845,0,,,,
40.374,0.5824,93.2032,0.5917,0.5820,-0.000001,0.000037,-0.000075,0.000084,12.8439,1.1846,0,,,,
40.400,0.6060,93.2340,1.1058,1.1913,-0.000000,0.000037,-0.000076,0.000084,12.8533,1.1847,0,,,,
40.426,0.6249,93.2463,0.5218,0.6143,0.000000,0.000037,-0.000076,0.000084,12.8619,1.1848,0,,,,
40.450,0.6380,93.2579,-0.2805,-0.2450,0.000001,0.000037,-0.000076,0.000085,12.8711,1.1849,0,,,,
40.474,0.6261,93.2489,0.0225,-0.1350,0.000001,0.000037,-0.000076,0.000085,12.8796,1.1850,0,,,,
40.500,0.6453,93.2687,0.8112,0.6049,0.000002,0.000037,-0.000077,0.000085,12.8905,1.1851,0,,,,
40.524,0.5623,93.1358,0.8539,0.8141,0.000003,0.000037,-0.000077,0.000085,12.8978,1.1852,0,,,,
40.550,0.5395,93.1440,-0.2376,-0.2684,0.000003,0.000036,-0.000077,0.000085,12.9070,1.1853,0,,,,
40.575,0.5088,93.1300,0.4711,0.3344,0.000004,0.000036,-0.000077,0.000086,12.9155,1.1853,0,,,,
40.600,0.5305,93.1604,1.3107,1.2033,0.000005,0.000036,-0.000077,0.000086,12.9250,1.1854,0,,,,
40.624,0.5650,93.1888,1.4180,1.2608,0.000005,0.000036,-0.000077,0.000086,12.9335,1.1855,0,,,,
40.649,0.5811,93.2012,-0.0506,-0.8467,0.000006,0.000036,-0.000078,0.000086,12.9445,1.1856,0,,,,
40.674,0.5667,93.1911,0.2356,0.2828,0.000006,0.000036,-0.000078,0.000086,12.9518,1.1857,0,,,,
40.702,0.5803,93.2022,-0.1549,-0.3548,0.000007,0.000036,-0.000078,0.000086,12.9617,1.1858,0,,,,
40.725,0.5763,93.1996,-0.0065,0.0455,0.000008,0.000036,-0.000078,0.000086,12.9703,1.1859,0,,,,
40.750,0.5755,93.1937,-0.2472,0.0017,0.000008,0.000036,-0.000078,0.000086,12.9808,1.1860,0,,,,
40.774,0.4883,93.0616,1.0836,1.1125,0.000009,0.000036,-0.000078,0.000086,12.9896,1.1861,0,,,,
40.799,0.4719,93.0830,0.4224,0.5561,0.000009,0.000036,-0.000078,0.000086,13.0015,1.1862,0,,,,
40.825,0.4738,93.0911,-0.1768,-0.0843,0.000010,0.000036,-0.000078,0.000086,13.0092,1.1862,0,,,,
40.849,0.4497,93.0758,-0.6718,-0.8738,0.000011,0.000036,-0.000078,0.000086,13.0203,1.1863,0,,,,
40.875,0.4571,93.0978,1.6556,1.7086,0.000011,0.000036,-0.000078,0.000086,13.0256,1.1863,0,,,,
40.903,0.5058,93.1263,0.4801,0.1864,0.000012,0.000036,-0.000077,0.000086,13.0409,1.1865,0,,,,
40.925,0.5041,93.1254,-0.2191,-0.3080,0.000013,0.000035,-0.000077,0.000086,13.0503,1.1866,0,,,,
40.949,0.5213,93.1451,0.9844,1.4250,0.000013,0.000035,-0.000077,0.000086,13.0637,1.1867,0,,,,
40.975,0.5491,93.1720,1.0831,1.1715,0.000014,0.000035,-0.000077,0.000086,13.0719,1.1868,0,,,,
41.003,0.5654,93.1828,-0.4068,-0.3712,0.000014,0.000035,-0.000077,0.000085,13.0838,1.1869,0,,,,
41.024,0.4757,93.0528,1.3250,1.2656,0.000015,0.000035,-0.000076,0.000085,13.0936,1.1869,0,,,,
41.050,0.4768,93.0831,0.6735,0.6877,0.000015,0.000035,-0.000076,0.000085,13.1054,1.1870,0,,,,
41.075,0.4745,93.0917,-0.0686,-0.1809,0.000016,0.000035,-0.000076,0.000085,13.1154,1.1871,0,,,,
41.100,0.4714,93.1005,0.7294,1.4571,0.000016,0.000035,-0.000075,0.000085,13.1272,1.1872,0,,,,
41.125,0.5073,93.1287,1.0283,1.2421,0.000016,0.000035,-0.000075,0.000084,13.1373,1.1873,0,,,,
41.149,0.5329,93.1484,0.5865,0.7299,0.000017,0.000035,-0.000075,0.000084,13.1490,1.1874,0,,,,
41.175,0.5194,93.1423,0.3828,0.4283,0.000017,0.000035,-0.000074,0.000084,13.1593,1.1875,0,,,,
41.200,0.5430,93.1689,0.7830,0.7929,0.000017,0.000035,-0.000074,0.000083,13.1714,1.1876,0,,,,
41.225,0.5608,93.1813,0.0356,0.1121,0.000018,0.000035,-0.000073,0.000083,13.1818,1.1877,0,,,,
41.249,0.5378,93.1602,-1.0023,0.0979,0.000018,0.000035,-0.000073,0.000083,13.1952,1.1878,0,,,,
41.275,0.4546,93.0299,0.4277,0.4430,0.000018,0.000035,-0.000072,0.000082,13.2042,1.1879,0,,,,
41.299,0.4366,93.0401,0.2519,0.3114,0.000019,0.000035,-0.000072,0.000082,13.2165,1.1880,0,,,,
41.324,0.4083,93.0301,0.4312,0.1872,0.000019,0.000035,-0.000072,0.000082,13.2270,1.1881,0,,,,
41.350,0.4373,93.0642,1.3689,1.1744,0.000019,0.000034,-0.000071,0.000081,13.2391,1.1882,0,,,,
41.375,0.4681,93.0900,0.7814,0.7926,0.000019,0.000034,-0.000071,0.000081,13.2499,1.1883,0,,,,
41.399,0.4683,93.0890,-0.2446,0.5964,0.000019,0.000034,-0.000070,0.000080,13.2629,1.1884,0,,,,
41.425,0.4915,93.1152,1.5170,1.5819,0.000019,0.000034,-0.000070,0.000080,13.2720,1.1884,0,,,,
41.449,0.5290,93.1428,1.2041,1.0812,0.000020,0.000034,-0.000069,0.000080,13.2839,1.1885,0,,,,
41.474,0.5177,93.1392,-0.5403,-0.8178,0.000020,0.000034,-0.000069,0.000079,13.2945,1.1886,0,,,,
41.499,0.5304,93.1593,0.7841,0.6692,0.000020,0.000034,-0.000068,0.000079,13.3063,1.1887,0,,,,
41.524,0.4649,93.0434,1.3152,1.1953,0.000020,0.000034,-0.000068,0.000078,13.3169,1.1888,0,,,,
41.550,0.4712,93.0849,1.4856,1.2448,0.000020,0.000034,-0.000067,0.000078,13.3295,1.1889,0,,,,
41.574,0.4935,93.1127,1.5037,1.6891,0.000020,0.000034,-0.000067,0.000078,13.3385,1.1890,0,,,,
41.599,0.5199,93.1345,0.7171,0.5513,0.000020,0.000034,-0.000066,0.000077,13.3499,1.1891,0,,,,
41.624,0.5090,93.1273,-1.2933,-1.5206,0.000020,0.000034,-0.000066,0.000077,13.3604,1.1892,0,,,,
41.650,0.4936,93.1246,1.0268,1.0462,0.000020,0.000034,-0.000065,0.000076,13.3719,1.1893,0,,,,
41.674,0.5188,93.1425,1.1324,1.0690,0.000020,0.000034,-0.000065,0.000076,13.3823,1.1894,0,,,,
41.699,0.5553,93.1775,1.0776,0.3287,0.000020,0.000034,-0.000065,0.000076,13.3948,1.1895,0,,,,
41.724,0.5622,93.1876,0.4189,1.4287,0.000020,0.000034,-0.000064,0.000075,13.4036,1.1896,0,,,,
41.751,0.6140,93.2409,1.4124,1.4181,0.000020,0.000033,-0.000064,0.000075,13.4150,1.1897,0,,,,
41.775,0.5604,93.1352,0.6323,0.6475,0.000020,0.000033,-0.000063,0.000074,13.4253,1.1898,0,,,,
41.800,0.5363,93.1471,1.3931,1.2812,0.000020,0.000033,-0.000063,0.000074,13.4366,1.1899,0,,,,
41.825,0.5603,93.1771,0.9678,0.8585,0.000020,0.000033,-0.000063,0.000074,13.4469,1.1900,0,,,,
41.849,0.5783,93.1983,0.7416,0.2219,0.000020,0.000033,-0.000062,0.000073,13.4589,1.1901,0,,,,
41.874,0.5780,93.1972,-0.3095,-0.3082,0.000020,0.000033,-0.000062,0.000073,13.4676,1.1902,0,,,,
41.899,0.5793,93.1987,0.5183,0.6785,0.000020,0.000033,-0.000062,0.000073,13.4789,1.1903,0,,,,
41.925,0.5768,93.1993,0.1500,0.4768,0.000020,0.000033,-0.000061,0.000072,13.4889,1.1904,0,,,,
41.951,0.5677,93.1782,-1.5605,-1.7599,0.000020,0.000033,-0.000061,0.000072,13.5001,1.1905,0,,,,
41.974,0.5334,93.1575,-0.1917,-0.2411,0.000020,0.000033,-0.000061,0.000072,13.5102,1.1906,0,,,,
41.999,0.5192,93.1416,-0.8160,-0.4383,0.000020,0.000033,-0.000060,0.000072,13.5229,1.1908,0,,,,
42.025,0.4285,93.0060,-0.8615,-0.8600,0.000020,0.000033,-0.000060,0.000071,13.5315,1.1908,0,,,,
42.049,0.3615,92.9779,-1.3917,-1.6607,0.000020,0.000033,-0.000060,0.000071,13.5433,1.1909,0,,,,
42.074,0.3326,92.9496,-1.3666,-1.4289,0.000019,0.000033,-0.000059,0.000070,13.5533,1.1910,0,,,,
42.100,0.2925,92.9044,-2.3265,-2.3013,0.000019,0.000033,-0.000059,0.000070,13.5652,1.1910,0,,,,
42.124,0.2271,92.8474,-2.3912,-2.6815,0.000019,0.000033,-0.000059,0.000070,13.5754,1.1911,0,,,,
42.149,0.1864,92.8111,-0.7960,-0.4517,0.000019,0.000033,-0.000058,0.000069,13.5893,1.1911,0,,,,
42.174,0.1819,92.8026,-0.8592,-0.8297,0.000019,0.000033,-0.000058,0.000069,13.5982,1.1912,0,,,,
42.199,0.1383,92.7724,-2.1862,-2.3337,0.000019,0.000032,-0.000058,0.000069,13.6103,1.1912,0,,,,
42.225,0.1266,92.7528,0.4486,0.6319,0.000019,0.000032,-0.000057,0.000069,13.6207,1.1912,0,,,,
42.250,0.1314,92.7534,-0.2052,-0.0362,0.000019,0.000032,-0.000057,0.000068,13.6323,1.1912,0,,,,
42.274,0.0657,92.6101,-1.9065,-1.9694,0.000018,0.000032,-0.000057,0.000068,13.6427,1.1913,0,,,,
42.300,-0.0355,92.5553,-1.5842,-1.6298,0.000018,0.000032,-0.000057,0.000068,13.6546,1.1913,0,,,,
42.324,-0.0992,92.5147,-2.1427,-2.1747,0.000018,0.000032,-0.000056,0.000067,13.6649,1.1912,0,,,,
42.350,-0.1659,92.4472,-2.2905,-2.2430,0.000018,0.000032,-0.000056,0.000067,13.6769,1.1912,0,,,,
42.375,-0.2192,92.4035,-1.4922,-1.6745,0.000018,0.000032,-0.000056,0.000067,13.6873,1.1912,0,,,,
42.400,-0.2505,92.3685,-1.5462,-1.5658,0.000017,0.000032,-0.000056,0.000067,13.6993,1.1911,0,,,,
42.425,-0.2874,92.3316,-2.2080,-2.4484,0.000017,0.000032,-0.000056,0.000066,13.7089,1.1911,0,,,,
42.449,-0.3547,92.2678,-2.0396,-1.3047,0.000017,0.000032,-0.000056,0.000066,13.7224,1.1910,0,,,,
42.474,-0.3584,92.2665,0.0573,0.1766,0.000017,0.000032,-0.000055,0.000066,13.7313,1.1910,0,,,,
42.499,-0.3606,92.2620,-0.2718,-0.1734,0.000016,0.000032,-0.000055,0.000066,13.7427,1.1909,0,,,,
42.524,-0.4523,92.1270,-0.5416,-0.4471,0.000016,0.000032,-0.000055,0.000065,13.7530,1.1908,0,,,,
42.550,-0.4765,92.1390,0.9230,0.8601,0.000016,0.000032,-0.000055,0.000065,13.7639,1.1907,0,,,,
42.575,-0.4697,92.1488,0.3938,0.4795,0.000016,0.000032,-0.000055,0.000065,13.7740,1.1906,0,,,,
42.599,-0.4784,92.1411,-0.4825,-0.7765,0.000016,0.000031,-0.000055,0.000065,13.7853,1.1905,0,,,,
42.624,-0.5036,92.1176,-0.3309,-0.4983,0.000016,0.000031,-0.000055,0.000065,13.7938,1.1905,0,,,,
42.649,-0.4961,92.1251,0.2052,0.3503,0.000015,0.000031,-0.000054,0.000065,13.8033,1.1904,0,,,,
42.676,-0.5017,92.1198,-0.3142,-0.4576,0.000015,0.000031,-0.000054,0.000065,13.8128,1.1903,0,,,,
42.700,-0.5069,92.1159,-0.2919,-0.1132,0.000015,0.000031,-0.000054,0.000064,13.8221,1.1902,0,,,,
42.726,-0.5254,92.1008,0.7853,0.7290,0.000015,0.000031,-0.000054,0.000064,13.8311,1.1901,0,,,,
42.751,-0.5130,92.1072,-0.2827,-0.1507,0.000015,0.000031,-0.000054,0.000064,13.8416,1.1900,0,,,,
42.774,-0.6001,91.9800,-0.4162,-0.4276,0.000014,0.000031,-0.000054,0.000064,13.8493,1.1900,0,,,,
42.800,-0.6416,91.9703,-0.9310,-0.7162,0.000014,0.000031,-0.000054,0.000064,13.8584,1.1899,0,,,,
42.825,-0.6701,91.9503,0.6672,0.9064,0.000014,0.000031,-0.000054,0.000064,13.8634,1.1898,0,,,,
42.854,-0.6645,91.9550,0.0330,0.0328,0.000014,0.000031,-0.000054,0.000064,13.8765,1.1896,0,,,,
42.875,-0.6630,91.9604,0.3995,0.4054,0.000014,0.000031,-0.000054,0.000064,13.8849,1.1895,0,,,,
42.900,-0.6758,91.9428,-1.0498,-1.8438,0.000014,0.000031,-0.000054,0.000064,13.8949,1.1894,0,,,,
42.925,-0.7003,91.9258,0.2540,0.3573,0.000014,0.000031,-0.000054,0.000063,13.9021,1.1893,0,,,,
42.951,-0.6976,91.9254,-0.3803,-0.3513,0.000013,0.000031,-0.000054,0.000063,13.9117,1.1892,0,,,,
42.975,-0.7009,91.9227,0.2932,0.2105,0.000013,0.000031,-0.000054,0.000063,13.9198,1.1891,0,,,,
43.002,-0.7052,91.9138,-0.6946,-0.7136,0.000013,0.000031,-0.000054,0.000063,13.9295,1.1890,0,,,,
43.025,-0.7889,91.7974,0.6157,0.7115,0.000013,0.000031,-0.000053,0.000063,13.9377,1.1889,0,,,,
43.050,-0.8187,91.7941,-0.4940,-0.4734,0.000013,0.000031,-0.000053,0.000063,13.9479,1.1887,0,,,,
43.075,-0.8382,91.7806,-0.8325,-0.8765,0.000013,0.000031,-0.000053,0.000063,13.9549,1.1886,0,,,,
43.100,-0.8733,91.7556,-1.6887,-1.6458,0.000013,0.000031,-0.000053,0.000063,13.9656,1.1885,0,,,,
43.125,-0.8883,91.7368,0.5464,0.5753,0.000013,0.000031,-0.000053,0.000063,13.9740,1.1884,0,,,,
43.149,-0.8780,91.7466,0.3793,0.4825,0.000013,0.000031,-0.000053,0.000063,13.9841,1.1882,0,,,,
43.175,-0.8654,91.7561,0.5200,0.6005,0.000013,0.000031,-0.000053,0.000063,13.9925,1.1881,0,,,,
43.199,-0.8611,91.7607,0.0323,0.9036,0.000012,0.000031,-0.000053,0.000063,14.0039,1.1879,0,,,,
43.226,-0.8303,91.7935,1.4326,1.3511,0.000012,0.000030,-0.000053,0.000063,14.0113,1.1878,0,,,,
43.249,-0.8073,91.8123,0.7030,0.4289,0.000012,0.000030,-0.000053,0.000063,14.0215,1.1876,0,,,,
43.274,-0.8666,91.7155,0.0879,0.1303,0.000012,0.000030,-0.000053,0.000063,14.0302,1.1875,0,,,,
43.300,-0.9090,91.6980,-0.7167,-0.0575,0.000012,0.000030,-0.000053,0.000063,14.0408,1.1873,0,,,,
43.326,-0.9317,91.6840,-1.4306,-1.3254,0.000012,0.000030,-0.000053,0.000062,14.0495,1.1872,0,,,,
43.349,-0.9597,91.6642,-0.1545,0.3592,0.000012,0.000030,-0.000053,0.000062,14.0611,1.1870,0,,,,
43.374,-0.9615,91.6581,-1.0439,-0.9803,0.000012,0.000030,-0.000053,0.000062,14.0687,1.1869,0,,,,
43.399,-0.9683,91.6504,0.8787,0.9259,0.000012,0.000030,-0.000053,0.000062,14.0794,1.1867,0,,,,
43.427,-0.9442,91.6759,0.3852,0.2708,0.000012,0.000030,-0.000053,0.000062,14.0884,1.1866,0,,,,
43.450,-0.9215,91.7035,0.5650,0.4163,0.000012,0.000030,-0.000054,0.000062,14.0990,1.1864,0,,,,
43.474,-0.9171,91.7064,0.6224,0.5192,0.000012,0.000029,-0.000054,0.000062,14.1080,1.1862,0,,,,
43.500,-0.8800,91.7424,1.3437,1.2465,0.000012,0.000029,-0.000054,0.000062,14.1196,1.1861,0,,,,
43.524,-0.9321,91.6496,0.7447,0.6857,0.000012,0.000029,-0.000054,0.000062,14.1274,1.1859,0,,,,
43.550,-0.9516,91.6567,-0.2514,-0.3735,0.000012,0.000029,-0.000054,0.000062,14.1381,1.1858,0,,,,
43.575,-0.9732,91.6492,0.5401,0.7549,0.000012,0.000029,-0.000054,0.000062,14.1470,1.1856,0,,,,
43.600,-0.9704,91.6461,-0.3796,-0.4102,0.000012,0.000029,-0.000054,0.000062,14.1572,1.1854,0,,,,
43.625,-0.9827,91.6377,-0.4824,-0.4364,0.000012,0.000029,-0.000054,0.000062,14.1662,1.1853,0,,,,
43.650,-1.0101,91.6041,-1.4965,-0.8958,0.000012,0.000029,-0.000054,0.000062,14.1763,1.1851,0,,,,
43.674,-1.0234,91.6003,0.1538,0.0608,0.000012,0.000029,-0.000054,0.000062,14.1815,1.1850,0,,,,
43.700,-1.0301,91.5946,-0.3047,-0.3264,0.000012,0.000029,-0.000054,0.000062,14.1952,1.1848,0,,,,
43.724,-1.0288,91.5936,-0.3949,-0.1177,0.000012,0.000028,-0.000054,0.000062,14.2040,1.1846,0,,,,
43.750,-1.0486,91.5731,0.1220,0.0302,0.000012,0.000028,-0.000054,0.000062,14.2144,1.1844,0,,,,
43.779,-1.0916,91.4752,0.2466,0.1199,0.000012,0.000028,-0.000054,0.000062,14.2195,1.1843,0,,,,
43.800,-1.1256,91.4843,0.3816,0.6333,0.000012,0.000028,-0.000054,0.000062,14.2334,1.1840,0,,,,
43.825,-1.1231,91.4963,0.0339,0.0534,0.000012,0.000028,-0.000054,0.000062,14.2423,1.1839,0,,,,
43.851,-1.1253,91.4989,0.3765,0.2494,0.000012,0.000028,-0.000054,0.000062,14.2528,1.1837,0,,,,
43.875,-1.1270,91.4931,-0.8996,-0.7986,0.000012,0.000028,-0.000054,0.000062,14.2619,1.1835,0,,,,
43.900,-1.1573,91.4620,-0.9378,-0.9963,0.000012,0.000028,-0.000054,0.000062,14.2717,1.1833,0,,,,
43.924,-1.1826,91.4401,-0.7602,-0.8439,0.000012,0.000028,-0.000054,0.000062,14.2804,1.1831,0,,,,
43.949,-1.1718,91.4516,0.8236,1.1945,0.000012,0.000027,-0.000054,0.000062,14.2922,1.1829,0,,,,
43.975,-1.1519,91.4692,0.7619,0.5513,0.000012,0.000027,-0.000054,0.000061,14.2999,1.1827,0,,,,
43.999,-1.1388,91.4818,0.4304,0.5431,0.000013,0.000027,-0.000054,0.000061,14.3093,1.1825,0,,,,
44.024,-1.2069,91.3833,1.1104,0.9024,0.000013,0.000027,-0.000054,0.000061,14.3182,1.1823,0,,,,
44.050,-1.1884,91.4287,1.2954,1.2484,0.000012,0.000027,-0.000054,0.000061,14.3277,1.1821,0,,,,
44.074,-1.1679,91.4522,1.0446,1.1033,0.000013,0.000027,-0.000054,0.000061,14.3365,1.1820,0,,,,
44.099,-1.1579,91.4616,0.0696,-0.6270,0.000013,0.000027,-0.000054,0.000061,14.3470,1.1817,0,,,,
44.124,-1.1713,91.4519,0.2937,0.4281,0.000013,0.000027,-0.000053,0.000061,14.3543,1.1816,0,,,,
44.149,-1.1588,91.4611,0.0635,0.2557,0.000013,0.000027,-0.000053,0.000061,14.3631,1.1814,0,,,,
44.174,-1.1677,91.4565,0.1112,0.0273,0.000013,0.000027,-0.000053,0.000061,14.3715,1.1812,0,,,,
44.199,-1.1562,91.4653,-0.0677,-0.1311,0.000013,0.000026,-0.000053,0.000061,14.3806,1.1811,0,,,,
44.224,-1.1597,91.4637,0.6313,0.5196,0.000013,0.000026,-0.000053,0.000061,14.3890,1.1809,0,,,,
44.249,-1.1325,91.4893,0.7861,0.6709,0.000013,0.000026,-0.000053,0.000061,14.3994,1.1807,0,,,,
44.274,-1.1815,91.4066,0.8087,0.7438,0.000013,0.000026,-0.000053,0.000061,14.4064,1.1805,0,,,,
44.299,-1.1782,91.4269,0.9724,0.9711,0.000013,0.000026,-0.000053,0.000060,14.4154,1.1803,0,,,,
44.324,-1.1824,91.4396,1.1766,1.1385,0.000013,0.000026,-0.000053,0.000060,14.4236,1.1802,0,,,,
44.349,-1.1494,91.4740,0.5862,0.4753,0.000013,0.000026,-0.000053,0.000060,14.4327,1.1800,0,,,,
44.374,-1.1330,91.4905,1.1038,1.0472,0.000013,0.000026,-0.000053,0.000060,14.4409,1.1798,0,,,,
44.399,-1.1062,91.5109,0.6623,0.6600,0.000013,0.000026,-0.000053,0.000060,14.4496,1.1797,0,,,,
44.425,-1.1128,91.5111,0.5854,0.5837,0.000013,0.000026,-0.000052,0.000060,14.4577,1.1795,0,,,,
44.449,-1.0900,91.5287,0.7429,0.5501,0.000013,0.000026,-0.000052,0.000060,14.4664,1.1793,0,,,,
44.474,-1.0679,91.5559,1.3256,1.3745,0.000013,0.000026,-0.000052,0.000059,14.4744,1.1792,0,,,,
44.499,-1.0434,91.5799,0.2471,0.1073,0.000013,0.000025,-0.000052,0.000059,14.4829,1.1790,0,,,,
44.525,-1.0809,91.4859,0.3652,0.3946,0.000013,0.000025,-0.000052,0.000059,14.4875,1.1789,0,,,,
44.549,-1.0949,91.5233,1.5493,1.3127,0.000013,0.000026,-0.000052,0.000059,14.5003,1.1787,0,,,,
44.574,-1.0731,91.5482,1.3041,1.2680,0.000013,0.000026,-0.000052,0.000059,14.5069,1.1786,0,,,,
44.599,-1.0405,91.5726,1.2628,1.1288,0.000013,0.000026,-0.000052,0.000059,14.5152,1.1784,0,,,,
44.625,-1.0078,91.6119,0.7273,0.6597,0.000013,0.000025,-0.000051,0.000059,14.5228,1.1783,0,,,,
44.650,-0.9856,91.6412,1.1509,1.1828,0.000013,0.000025,-0.000051,0.000058,14.5314,1.1781,0,,,,
44.674,-0.9635,91.6573,0.8300,0.6378,0.000013,0.000025,-0.000051,0.000058,14.5389,1.1780,0,,,,
44.700,-0.9429,91.6775,0.5568,0.3465,0.000013,0.000026,-0.000051,0.000058,14.5484,1.1778,0,,,,
44.724,-0.9365,91.6856,0.5523,0.5956,0.000012,0.000026,-0.000051,0.000058,14.5548,1.1777,0,,,,
44.749,-0.9231,91.6947,1.0024,0.9652,0.000012,0.000026,-0.000051,0.000058,14.5638,1.1776,0,,,,
44.775,-0.9405,91.6496,1.5116,1.4679,0.000012,0.000025,-0.000050,0.000058,14.5714,1.1775,0,,,,
44.799,-0.9169,91.6984,1.5506,1.5188,0.000012,0.000025,-0.000050,0.000058,14.5801,1.1773,0,,,,
44.824,-0.8939,91.7247,0.9729,1.0017,0.000012,0.000026,-0.000050,0.000057,14.5876,1.1772,0,,,,
44.849,-0.8778,91.7426,0.5055,0.7342,0.000012,0.000026,-0.000050,0.000057,14.5982,1.1770,0,,,,
44.874,-0.8611,91.7626,1.4179,1.4606,0.000011,0.000026,-0.000050,0.000057,14.6048,1.1769,0,,,,
44.899,-0.8083,91.8006,2.4615,2.4114,0.000011,0.000026,-0.000050,0.000057,14.6138,1.1768,0,,,,
44.925,-0.7551,91.8665,1.8050,1.7676,0.000011,0.000026,-0.000050,0.000057,14.6215,1.1767,0,,,,
44.952,-0.7093,91.9193,1.9012,1.8297,0.000011,0.000026,-0.000049,0.000057,14.6312,1.1766,0,,,,
44.975,-0.6661,91.9543,1.3814,1.4254,0.000010,0.000026,-0.000049,0.000057,14.6390,1.1765,0,,,,
45.000,-0.6338,91.9861,0.8647,0.4013,0.000010,0.000026,-0.000049,0.000057,14.6494,1.1763,0,,,,
45.025,-0.6946,91.8930,0.1903,0.0224,0.000010,0.000026,-0.000049,0.000056,14.6561,1.1763,0,,,,
45.050,-0.6959,91.9080,1.1669,1.2953,0.000010,0.000026,-0.000049,0.000056,14.6656,1.1761,0,,,,
45.080,-0.6731,91.9484,1.7928,1.7183,0.000009,0.000026,-0.000049,0.000056,14.6735,1.1760,0,,,,
45.101,-0.6221,92.0041,1.3967,1.5202,0.000009,0.000026,-0.000049,0.000056,14.6823,1.1759,0,,,,
45.124,-0.5943,92.0259,0.9434,0.9896,0.000009,0.000026,-0.000049,0.000056,14.6901,1.1759,0,,,,
45.150,-0.5458,92.0791,2.2865,2.2237,0.000009,0.000026,-0.000049,0.000056,14.7001,1.1758,0,,,,
45.174,-0.5000,92.1229,2.2969,2.4892,0.000008,0.000026,-0.000049,0.000056,14.7068,1.1757,0,,,,
45.200,-0.4327,92.1729,2.4491,2.6544,0.000008,0.000026,-0.000049,0.000056,14.7153,1.1756,0,,,,
45.224,-0.3865,92.2343,1.5312,1.5052,0.000008,0.000026,-0.000049,0.000056,14.7230,1.1756,0,,,,
45.249,-0.3459,92.2643,2.0136,2.0082,0.000008,0.000026,-0.000049,0.000056,14.7318,1.1755,0,,,,
45.274,-0.3702,92.2172,1.0342,1.0615,0.000007,0.000027,-0.000049,0.000056,14.7395,1.1755,0,,,,
45.299,-0.3524,92.2629,1.7573,1.2840,0.000007,0.000027,-0.000049,0.000056,14.7490,1.1754,0,,,,
45.324,-0.3393,92.2790,0.5257,0.6041,0.000007,0.000027,-0.000049,0.000056,14.7555,1.1754,0,,,,
45.349,-0.3247,92.2914,0.9914,0.7991,0.000006,0.000027,-0.000049,0.000056,14.7640,1.1753,0,,,,
45.375,-0.2734,92.3524,2.4203,2.3480,0.000006,0.000027,-0.000049,0.000057,14.7715,1.1753,0,,,,
45.400,-0.2050,92.4318,3.3864,3.2356,0.000006,0.000027,-0.000050,0.000057,14.7795,1.1752,0,,,,
45.425,-0.1248,92.4982,2.9476,2.8893,0.000006,0.000027,-0.000050,0.000057,14.7869,1.1752,0,,,,
45.450,-0.0560,92.5662,2.0304,2.4991,0.000005,0.000027,-0.000050,0.000057,14.7961,1.1752,0,,,,
45.474,0.0015,92.6258,3.3569,3.3651,0.000005,0.000027,-0.000050,0.000057,14.8024,1.1752,0,,,,
45.499,0.0908,92.6919,2.9909,3.0520,0.000005,0.000027,-0.000050,0.000057,14.8103,1.1752,0,,,,
45.524,0.0859,92.6740,2.9460,2.9625,0.000005,0.000027,-0.000051,0.000058,14.8176,1.1752,0,,,,
45.549,0.1402,92.7557,2.4931,2.3005,0.000005,0.000027,-0.000051,0.000058,14.8248,1.1752,0,,,,
45.574,0.1930,92.8149,3.5832,3.4359,0.000004,0.000027,-0.000051,0.000058,14.8318,1.1752,0,,,,
45.600,0.2997,92.9402,4.4772,4.7697,0.000004,0.000027,-0.000051,0.000058,14.8392,1.1753,0,,,,
45.627,0.3642,93.0316,4.4445,4.2999,0.000004,0.000028,-0.000051,0.000058,14.8431,1.1753,0,,,,
45.651,0.5290,93.1588,3.9279,3.8769,0.000004,0.000028,-0.000052,0.000059,14.8530,1.1754,0,,,,
45.674,0.6078,93.2283,3.1829,3.0403,0.000003,0.000028,-0.000052,0.000059,14.8593,1.1754,0,,,,
45.702,0.6682,93.3180,2.7210,2.9157,0.000003,0.000028,-0.000052,0.000059,14.8649,1.1755,0,,,,
45.726,0.7498,93.3709,2.7738,2.6590,0.000003,0.000028,-0.000052,0.000059,14.8727,1.1756,0,,,,
45.750,0.8246,93.4526,2.6740,2.0812,0.000003,0.000028,-0.000052,0.000059,14.8792,1.1757,0,,,,
45.777,0.7924,93.3886,1.1644,1.0745,0.000003,0.000028,-0.000053,0.000060,14.8852,1.1758,0,,,,
45.803,0.7957,93.4098,1.3960,1.2911,0.000003,0.000028,-0.000053,0.000060,14.8919,1.1759,0,,,,
45.825,0.8172,93.4380,1.3641,1.3831,0.000003,0.000028,-0.000053,0.000060,14.8980,1.1759,0,,,,
45.849,0.8432,93.4642,0.5341,0.5090,0.000002,0.000028,-0.000054,0.000061,14.9053,1.1761,0,,,,
45.875,0.8459,93.4658,-0.2896,-0.3337,0.000003,0.000028,-0.000054,0.000061,14.9110,1.1761,0,,,,
45.900,0.8317,93.4528,-0.4702,-0.5558,0.000003,0.000028,-0.000054,0.000061,14.9194,1.1763,0,,,,
45.925,0.8273,93.4481,-0.1521,-0.3226,0.000003,0.000028,-0.000054,0.000061,14.9220,1.1763,0,,,,
45.951,0.8333,93.4582,0.8022,0.7093,0.000002,0.000029,-0.000055,0.000062,14.9324,1.1764,0,,,,
45.974,0.8544,93.4785,1.3649,1.3657,0.000002,0.000029,-0.000055,0.000062,14.9387,1.1765,0,,,,
45.999,0.9000,93.5266,1.8515,1.9303,0.000002,0.000029,-0.000056,0.000063,14.9470,1.1767,0,,,,
46.026,0.8709,93.4571,1.7532,1.7689,0.000002,0.000029,-0.000056,0.000063,14.9529,1.1768,0,,,,
46.050,0.8923,93.5103,1.8879,2.2467,0.000002,0.000029,-0.000056,0.000063,14.9627,1.1769,0,,,,
46.074,0.9327,93.5509,1.7146,1.7273,0.000002,0.000029,-0.000057,0.000064,14.9695,1.1770,0,,,,
46.101,0.9730,93.5835,1.4086,1.4546,0.000002,0.000029,-0.000057,0.000064,14.9783,1.1771,0,,,,
46.125,0.9954,93.6181,1.2917,1.2226,0.000002,0.000030,-0.000057,0.000064,14.9852,1.1773,0,,,,
46.150,1.0257,93.6511,1.1341,0.7956,0.000002,0.000030,-0.000058,0.000065,14.9951,1.1774,0,,,,
46.175,1.0589,93.6837,2.1140,1.9277,0.000002,0.000030,-0.000058,0.000065,15.0024,1.1776,0,,,,
46.200,1.1184,93.7408,1.8996,1.3906,0.000002,0.000030,-0.000059,0.000066,15.0131,1.1778,0,,,,
46.224,1.1403,93.7593,0.9176,0.5367,0.000002,0.000030,-0.000059,0.000066,15.0195,1.1779,0,,,,
46.250,1.1501,93.7677,0.3451,0.3316,0.000002,0.000030,-0.000060,0.000067,15.0297,1.1781,0,,,,
46.274,1.0960,93.6796,0.8589,0.8540,0.000002,0.000030,-0.000060,0.000067,15.0373,1.1782,0,,,,
46.300,1.0895,93.7035,1.1444,0.8325,0.000002,0.000030,-0.000061,0.000068,15.0474,1.1784,0,,,,
46.325,1.1068,93.7302,1.3680,1.5444,0.000002,0.000030,-0.000061,0.000068,15.0554,1.1786,0,,,,
46.350,1.1406,93.7627,1.0500,1.5134,0.000002,0.000030,-0.000062,0.000069,15.0674,1.1788,0,,,,
46.374,1.1682,93.7896,1.3538,1.1527,0.000002,0.000031,-0.000062,0.000069,15.0745,1.1790,0,,,,
46.399,1.2063,93.8200,1.4586,1.4670,0.000002,0.000031,-0.000063,0.000070,15.0844,1.1792,0,,,,
46.427,1.2337,93.8546,0.9799,0.8564,0.000002,0.000031,-0.000063,0.000070,15.0929,1.1793,0,,,,
46.449,1.2707,93.9033,1.9287,1.9267,0.000002,0.000031,-0.000064,0.000071,15.1030,1.1796,0,,,,
46.476,1.3109,93.9342,1.3984,1.4065,0.000002,0.000031,-0.000064,0.000071,15.1117,1.1798,0,,,,
46.499,1.3487,93.9694,1.1713,0.7685,0.000002,0.000031,-0.000065,0.000072,15.1224,1.1800,0,,,,
46.524,1.2830,93.8651,0.7533,0.7870,0.000003,0.000031,-0.000065,0.000072,15.1297,1.1802,0,,,,
46.553,1.2869,93.8875,1.1718,1.1520,0.000003,0.000031,-0.000066,0.000073,15.1393,1.1804,0,,,,
46.576,1.3031,93.9226,1.5227,1.5985,0.000003,0.000031,-0.000066,0.000073,15.1476,1.1806,0,,,,
46.601,1.3349,93.9547,0.4512,0.4622,0.000003,0.000031,-0.000067,0.000074,15.1563,1.1808,0,,,,
46.626,1.3426,93.9641,1.1338,1.0352,0.000003,0.000032,-0.000067,0.000074,15.1645,1.1810,0,,,,
46.650,1.4014,94.0332,2.7017,2.3995,0.000003,0.000032,-0.000067,0.000074,15.1736,1.1812,0,,,,
46.678,1.4513,94.0726,1.7543,1.8371,0.000004,0.000032,-0.000068,0.000075,15.1816,1.1814,0,,,,
46.699,1.4882,94.1014,0.9746,0.8767,0.000004,0.000032,-0.000068,0.000075,15.1896,1.1816,0,,,,
46.724,1.4807,94.0988,-0.8206,-0.9028,0.000004,0.000032,-0.000068,0.000076,15.1977,1.1818,0,,,,
46.750,1.4579,94.0733,-1.6505,-1.5368,0.000004,0.000032,-0.000069,0.000076,15.2057,1.1820,0,,,,
46.775,1.3297,93.9097,-2.2790,-2.3466,0.000005,0.000032,-0.000069,0.000076,15.2134,1.1822,0,,,,
46.799,1.2345,93.8493,-2.0006,-1.9361,0.000005,0.000032,-0.000069,0.000077,15.2216,1.1824,0,,,,
46.824,1.1892,93.8092,-1.9755,-2.0146,0.000005,0.000032,-0.000070,0.000077,15.2279,1.1825,0,,,,
46.852,1.1405,93.7609,-0.6112,-0.5577,0.000005,0.000032,-0.000070,0.000077,15.2353,1.1826,0,,,,
46.874,1.1363,93.7600,0.3229,0.3968,0.000006,0.000032,-0.000070,0.000078,15.2426,1.1828,0,,,,
46.902,1.1494,93.7765,0.9078,0.8261,0.000006,0.000032,-0.000071,0.000078,15.2496,1.1829,0,,,,
46.925,1.1684,93.7899,0.4719,0.4967,0.000006,0.000032,-0.000071,0.000078,15.2567,1.1831,0,,,,
46.950,1.1648,93.7859,-0.2833,-1.0125,0.000006,0.000033,-0.000071,0.000078,15.2646,1.1832,0,,,,
46.975,1.1422,93.7648,-1.0288,-1.0254,0.000007,0.000033,-0.000071,0.000079,15.2705,1.1833,0,,,,
46.999,1.1120,93.7419,-1.1557,-1.4486,0.000007,0.000033,-0.000072,0.000079,15.2785,1.1835,0,,,,
47.025,1.0337,93.5888,-0.3433,-0.5288,0.000007,0.000033,-0.000072,0.000079,15.2854,1.1836,0,,,,
47.051,0.9839,93.5844,-0.3432,-0.1529,0.000008,0.000033,-0.000072,0.000080,15.2929,1.1838,0,,,,
47.074,0.9555,93.5715,-0.5960,-1.0466,0.000008,0.000033,-0.000072,0.000080,15.2997,1.1839,0,,,,
47.099,0.9243,93.5482,-0.6686,-0.2656,0.000008,0.000033,-0.000072,0.000080,15.3087,1.1840,0,,,,
47.124,0.9196,93.5416,-0.4496,-0.2648,0.000009,0.000033,-0.000073,0.000080,15.3145,1.1841,0,,,,
47.152,0.9099,93.5340,0.1689,-0.1326,0.000009,0.000033,-0.000073,0.000080,15.3217,1.1842,0,,,,
47.174,0.9100,93.5335,-0.2879,-0.4631,0.000009,0.000033,-0.000073,0.000081,15.3284,1.1843,0,,,,
47.200,0.8982,93.5140,-1.0120,-0.9099,0.000010,0.000033,-0.000073,0.000081,15.3359,1.1844,0,,,,
47.224,0.8716,93.4931,-0.9285,-0.9402,0.000010,0.000033,-0.000073,0.000081,15.3426,1.1846,0,,,,
47.249,0.8474,93.4694,-0.6825,-0.8261,0.000010,0.000033,-0.000074,0.000081,15.3513,1.1847,0,,,,
47.274,0.7546,93.3381,-0.2461,-0.3094,0.000011,0.000033,-0.000074,0.000081,15.3569,1.1848,0,,,,
47.299,0.7134,93.3270,-0.9129,-0.9648,0.000011,0.000033,-0.000074,0.000082,15.3644,1.1849,0,,,,
47.325,0.6878,93.2901,-1.3321,-1.5645,0.000011,0.000033,-0.000074,0.000082,15.3683,1.1849,0,,,,
47.349,0.6350,93.2599,-0.0008,-0.2582,0.000012,0.000033,-0.000074,0.000082,15.3791,1.1850,0,,,,
47.374,0.6463,93.2704,0.7875,0.5901,0.000012,0.000033,-0.000074,0.000082,15.3858,1.1851,0,,,,
47.400,0.6819,93.3117,1.6867,1.6365,0.000013,0.000033,-0.000074,0.000082,15.3929,1.1852,0,,,,
47.424,0.7177,93.3401,1.4954,1.4685,0.000013,0.000033,-0.000074,0.000082,15.3993,1.1853,0,,,,
47.449,0.7528,93.3667,0.9641,1.0025,0.000013,0.000033,-0.000074,0.000082,15.4063,1.1853,0,,,,
47.475,0.7512,93.3703,-0.3104,-0.4008,0.000013,0.000033,-0.000074,0.000083,15.4127,1.1854,0,,,,
47.500,0.7341,93.3525,-0.9174,-1.0993,0.000014,0.000033,-0.000075,0.000083,15.4189,1.1855,0,,,,
47.524,0.6356,93.2197,-0.1355,-0.2364,0.000014,0.000033,-0.000075,0.000083,15.4249,1.1856,0,,,,
47.549,0.6006,93.2160,-0.1778,-0.3361,0.000014,0.000033,-0.000075,0.000083,15.4303,1.1856,0,,,,
47.574,0.5948,93.2166,0.2915,0.1836,0.000015,0.000033,-0.000075,0.000083,15.4352,1.1857,0,,,,
47.599,0.6030,93.2230,0.2735,0.2885,0.000015,0.000033,-0.000075,0.000083,15.4383,1.1857,0,,,,
47.624,0.6043,93.2279,0.3010,0.2827,0.000016,0.000033,-0.000075,0.000083,15.4434,1.1858,0,,,,
47.649,0.6074,93.2284,-0.2381,-0.3810,0.000016,0.000033,-0.000075,0.000083,15.4450,1.1858,0,,,,
47.674,0.6004,93.2232,-0.1606,-0.2531,0.000016,0.000033,-0.000075,0.000083,15.4492,1.1858,0,,,,
47.699,0.6007,93.2236,0.1322,0.2799,0.000016,0.000033,-0.000075,0.000083,15.4494,1.1858,0,,,,
47.724,0.6056,93.2286,0.3650,0.0601,0.000016,0.000033,-0.000074,0.000083,15.4522,1.1858,0,,,,
47.749,0.6125,93.2346,0.2274,0.1936,0.000016,0.000033,-0.000074,0.000083,15.4508,1.1858,0,,,,
47.774,0.5340,93.1159,-0.2652,-0.0766,0.000016,0.000033,-0.000074,0.000083,15.4530,1.1859,0,,,,
47.799,0.4938,93.0987,-0.5952,-0.6112,0.000016,0.000033,-0.000074,0.000083,15.4502,1.1858,0,,,,
47.824,0.4653,93.0856,-0.4852,-0.5896,0.000016,0.000033,-0.000075,0.000083,15.4513,1.1858,0,,,,
47.850,0.4582,93.0816,0.0241,0.3203,0.000016,0.000033,-0.000075,0.000083,15.4483,1.1858,0,,,,
47.875,0.4713,93.0949,0.9448,0.9567,0.000016,0.000033,-0.000074,0.000083,15.4485,1.1858,0,,,,
47.900,0.5013,93.1152,1.2181,1.4459,0.000016,0.000033,-0.000074,0.000083,15.4459,1.1858,0,,,,
47.926,0.5278,93.1497,0.8875,0.8530,0.000016,0.000033,-0.000074,0.000083,15.4454,1.1858,0,,,,
47.950,0.5459,93.1644,-0.1156,-0.1223,0.000016,0.000033,-0.000074,0.000083,15.4435,1.1857,0,,,,
47.975,0.5354,93.1552,-0.7320,-0.6447,0.000016,0.000033,-0.000074,0.000083,15.4426,1.1857,0,,,,
47.999,0.5082,93.1287,-0.8749,-1.0337,0.000016,0.000033,-0.000074,0.000083,15.4414,1.1857,0,,,,
48.024,0.4117,92.9929,-0.8980,-0.9552,0.000015,0.000033,-0.000074,0.000083,15.4405,1.1857,0,,,,
48.049,0.3670,92.9793,-0.2573,-0.2123,0.000015,0.000033,-0.000074,0.000083,15.4407,1.1857,0,,,,
48.074,0.3612,92.9812,0.2510,0.3435,0.000015,0.000033,-0.000074,0.000083,15.4397,1.1857,0,,,,
48.099,0.3706,92.9961,0.6483,0.4551,0.000016,0.000033,-0.000074,0.000083,15.4412,1.1857,0,,,,
48.124,0.3823,93.0047,0.2317,0.1808,0.000016,0.000033,-0.000074,0.000083,15.4404,1.1857,0,,,,
48.149,0.3848,93.0068,0.0781,-0.3863,0.000016,0.000033,-0.000074,0.000083,15.4431,1.1858,0,,,,
48.175,0.3817,93.0048,-0.1996,-0.3413,0.000016,0.000033,-0.000074,0.000083,15.4430,1.1857,0,,,,
48.199,0.3761,92.9998,-0.0953,-0.1199,0.000016,0.000033,-0.000074,0.000083,15.4468,1.1858,0,,,,
48.224,0.3734,92.9946,-0.2336,-0.2650,0.000016,0.000033,-0.000074,0.000083,15.4471,1.1858,0,,,,
48.250,0.3673,92.9877,-0.3527,-0.3366,0.000016,0.000033,-0.000074,0.000083,15.4520,1.1858,0,,,,
48.274,0.2778,92.8608,-0.3949,-0.3549,0.000016,0.000033,-0.000074,0.000083,15.4530,1.1858,0,,,,
48.299,0.2435,92.8587,0.0627,0.0132,0.000017,0.000033,-0.000074,0.000083,15.4583,1.1858,0,,,,
48.324,0.2437,92.8646,0.4229,0.4438,0.000017,0.000033,-0.000074,0.000083,15.4596,1.1859,0,,,,
48.349,0.2494,92.8702,0.0266,-0.1133,0.000017,0.000033,-0.000074,0.000083,15.4649,1.1859,0,,,,
48.374,0.2523,92.8743,0.2045,0.2067,0.000017,0.000033,-0.000074,0.000083,15.4670,1.1859,0,,,,
48.399,0.2541,92.8753,0.1624,0.1204,0.000018,0.000033,-0.000074,0.000083,15.4727,1.1859,0,,,,
48.425,0.2614,92.8835,0.4832,0.5714,0.000018,0.000032,-0.000074,0.000083,15.4753,1.1859,0,,,,
48.449,0.2701,92.8917,0.1983,0.1935,0.000018,0.000032,-0.000074,0.000083,15.4819,1.1860,0,,,,
48.476,0.2729,92.8944,0.2103,0.3081,0.000018,0.000032,-0.000074,0.000083,15.4845,1.1860,0,,,,
48.500,0.2820,92.9010,0.4110,0.3905,0.000019,0.000032,-0.000074,0.000083,15.4906,1.1860,0,,,,
48.524,0.2201,92.8065,0.9928,0.9274,0.000019,0.000032,-0.000074,0.000083,15.4940,1.1860,0,,,,
48.549,0.2250,92.8344,0.4798,0.6003,0.000019,0.000032,-0.000074,0.000083,15.4998,1.1860,0,,,,
48.574,0.2215,92.8395,0.0583,0.0542,0.000019,0.000032,-0.000074,0.000083,15.5036,1.1861,0,,,,
48.599,0.2082,92.8284,-0.5428,-0.7943,0.000020,0.000032,-0.000074,0.000083,15.5091,1.1861,0,,,,
48.624,0.1905,92.8117,-0.7763,-0.8110,0.000020,0.000032,-0.000074,0.000083,15.5124,1.1861,0,,,,
48.649,0.1738,92.8007,-0.2688,-0.4507,0.000020,0.000032,-0.000074,0.000083,15.5167,1.1861,0,,,,
48.674,0.1643,92.7866,-0.4031,-0.3476,0.000020,0.000032,-0.000074,0.000083,15.5206,1.1861,0,,,,
48.700,0.1601,92.7817,-0.0373,-0.1164,0.000020,0.000032,-0.000074,0.000083,15.5234,1.1861,0,,,,
48.724,0.1603,92.7828,0.2503,0.1331,0.000021,0.000032,-0.000074,0.000083,15.5268,1.1861,0,,,,
48.749,0.1769,92.7996,0.6907,0.8560,0.000021,0.000032,-0.000074,0.000083,15.5289,1.1861,0,,,,
48.774,0.1186,92.7043,0.9874,0.9963,0.000021,0.000032,-0.000074,0.000083,15.5315,1.1861,0,,,,
48.799,0.1167,92.7207,0.7407,0.6903,0.000021,0.000032,-0.000073,0.000083,15.5318,1.1861,0,,,,
48.824,0.1191,92.7382,0.2975,0.3186,0.000021,0.000032,-0.000073,0.000083,15.5341,1.1861,0,,,,
48.849,0.1222,92.7408,-0.0620,-0.0970,0.000021,0.000032,-0.000073,0.000083,15.5333,1.1861,0,,,,
48.874,0.1143,92.7368,-0.2851,-0.3066,0.000021,0.000032,-0.000073,0.000083,15.5350,1.1861,0,,,,
48.899,0.1049,92.7305,-0.3429,-0.4021,0.000021,0.000032,-0.000073,0.000083,15.5336,1.1861,0,,,,
48.924,0.0951,92.7178,-0.4430,-0.3254,0.000021,0.000032,-0.000073,0.000083,15.5346,1.1861,0,,,,
48.949,0.0848,92.7091,-0.4027,-0.4381,0.000021,0.000032,-0.000073,0.000083,15.5328,1.1861,0,,,,
48.974,0.0759,92.6982,-0.1847,-0.2067,0.000021,0.000032,-0.000073,0.000083,15.5332,1.1861,0,,,,
48.999,0.0697,92.6910,-0.1934,-0.2028,0.000021,0.000032,-0.000073,0.000083,15.5315,1.1861,0,,,,
49.024,-0.0137,92.5714,-0.2646,-0.3489,0.000021,0.000032,-0.000073,0.000083,15.5315,1.1861,0,,,,
49.049,-0.0506,92.5652,-0.1352,-0.1237,0.000021,0.000032,-0.000074,0.000083,15.5300,1.1861,0,,,,
49.074,-0.0567,92.5630,-0.0536,0.0668,0.000021,0.000032,-0.000074,0.000083,15.5297,1.1861,0,,,,
49.099,-0.0585,92.5624,0.1291,0.0041,0.000021,0.000032,-0.000074,0.000083,15.5285,1.1861,0,,,,
49.124,-0.0543,92.5677,0.2752,0.2348,0.000021,0.000032,-0.000074,0.000083,15.5279,1.1861,0,,,,
49.150,-0.0467,92.5774,0.2641,0.3612,0.000021,0.000032,-0.000074,0.000083,15.5271,1.1861,0,,,,
49.174,-0.0415,92.5810,0.1493,0.1268,0.000021,0.000032,-0.000074,0.000083,15.5263,1.1861,0,,,,
49.199,-0.0433,92.5783,-0.0739,-0.2887,0.000021,0.000032,-0.000074,0.000083,15.5259,1.1861,0,,,,
49.224,-0.0500,92.5736,-0.2253,-0.2452,0.000021,0.000032,-0.000074,0.000083,15.5251,1.1861,0,,,,
49.249,-0.0531,92.5702,-0.0522,-0.0734,0.000021,0.000032,-0.000074,0.000083,15.5251,1.1861,0,,,,
49.274,-0.1276,92.4583,0.1051,0.0015,0.000020,0.000032,-0.000074,0.000083,15.5243,1.1861,0,,,,
49.300,-0.1473,92.4643,0.2841,0.1111,0.000020,0.000032,-0.000074,0.000083,15.5245,1.1861,0,,,,
49.324,-0.1519,92.4685,0.2050,0.1569,0.000021,0.000032,-0.000074,0.000083,15.5238,1.1861,0,,,,
49.350,-0.1499,92.4708,0.0429,0.0938,0.000021,0.000032,-0.000074,0.000083,15.5243,1.1861,0,,,,
49.374,-0.1514,92.4687,-0.1911,0.0183,0.000021,0.000032,-0.000074,0.000083,15.5238,1.1861,0,,,,
49.399,-0.1578,92.4644,-0.2294,-0.1790,0.000021,0.000032,-0.000074,0.000083,15.5247,1.1861,0,,,,
49.424,-0.1628,92.4598,0.0002,-0.1920,0.000021,0.000032,-0.000074,0.000083,15.5243,1.1861,0,,,,
49.449,-0.1608,92.4592,0.0998,-0.0053,0.000020,0.000032,-0.000074,0.000083,15.5249,1.1861,0,,,,
49.474,-0.1613,92.4608,0.1136,0.1361,0.000020,0.000032,-0.000074,0.000083,15.5246,1.1861,0,,,,
49.499,-0.1614,92.4617,0.0333,-0.0924,0.000021,0.000032,-0.000074,0.000083,15.5250,1.1861,0,,,,
49.525,-0.2377,92.3482,-0.0258,-0.0687,0.000021,0.000032,-0.000074,0.000083,15.5248,1.1861,0,,,,
49.549,-0.2635,92.3468,-0.1103,-0.1014,0.000021,0.000032,-0.000074,0.000083,15.5251,1.1861,0,,,,
49.574,-0.2753,92.3450,-0.0038,-0.0096,0.000021,0.000032,-0.000074,0.000083,15.5248,1.1861,0,,,,
49.599,-0.2759,92.3472,0.1549,0.2420,0.000020,0.000032,-0.000074,0.000083,15.5251,1.1861,0,,,,
49.624,-0.2744,92.3483,0.0658,0.0744,0.000021,0.000032,-0.000074,0.000083,15.5248,1.1861,0,,,,
49.649,-0.2721,92.3503,0.1030,-0.2300,0.000020,0.000032,-0.000074,0.000083,15.5247,1.1861,0,,,,
49.674,-0.2749,92.3487,-0.0825,-0.0924,0.000020,0.000032,-0.000074,0.000083,15.5245,1.1861,0,,,,
49.701,-0.2770,92.3454,0.0136,-0.0295,0.000021,0.000032,-0.000074,0.000083,15.5247,1.1861,0,,,,
49.724,-0.2774,92.3450,-0.0250,0.1647,0.000021,0.000032,-0.000074,0.000083,15.5244,1.1861,0,,,,
49.749,-0.2762,92.3445,0.0649,0.1768,0.000021,0.000032,-0.000074,0.000083,15.5247,1.1861,0,,,,
49.774,-0.3520,92.2341,0.0864,0.0435,0.000021,0.000032,-0.000074,0.000083,15.5244,1.1861,0,,,,
49.799,-0.3810,92.2351,0.0281,-0.0154,0.000020,0.000032,-0.000074,0.000083,15.5246,1.1861,0,,,,
49.824,-0.3862,92.2349,-0.0269,-0.0589,0.000021,0.000032,-0.000074,0.000083,15.5244,1.1861,0,,,,
49.849,-0.3881,92.2336,0.0090,-0.0612,0.000020,0.000032,-0.000074,0.000083,15.5247,1.1861,0,,,,
49.875,-0.3898,92.2335,0.0395,0.1816,0.000021,0.000032,-0.000074,0.000083,15.5245,1.1861,0,,,,
49.899,-0.3901,92.2338,0.0648,0.1411,0.000021,0.000032,-0.000074,0.000083,15.5246,1.1861,0,,,,
49.924,-0.3873,92.2342,-0.0395,0.0177,0.000021,0.000032,-0.000074,0.000083,15.5244,1.1861,0,,,,
49.949,-0.3889,92.2325,-0.0123,0.1980,0.000021,0.000032,-0.000074,0.000083,15.5246,1.1861,0,,,,
49.974,-0.3889,92.2325,-0.0241,0.0482,0.000021,0.000032,-0.000074,0.000083,15.5244,1.1861,0,,,,
49.999,-0.3908,92.2325,-0.0197,-0.2598,0.000020,0.000032,-0.000074,0.000083,15.5246,1.1861,0,,,,
50.025,-0.4644,92.1212,0.0895,-0.0407,0.000021,0.000032,-0.000074,0.000083,15.5244,1.1861,0,,,,
50.049,-0.4872,92.1212,0.0148,0.1177,0.000021,0.000032,-0.000074,0.000083,15.5246,1.1861,0,,,,
50.075,-0.4985,92.1212,0.0674,-0.0160,0.000021,0.000032,-0.000074,0.000083,15.5244,1.1861,0,,,,
50.099,-0.5013,92.1212,0.0115,-0.1762,0.000021,0.000032,-0.000074,0.000083,15.5246,1.1861,0,,,,
50.124,-0.5017,92.1212,-0.0939,-0.1617,0.000021,0.000032,-0.000074,0.000083,15.5244,1.1861,0,,,,
50.149,-0.5023,92.1212,0.0061,-0.2396,0.000021,0.000032,-0.000074,0.000083,15.5246,1.1861,0,,,,
50.174,-0.5002,92.1212,0.1159,0.0006,0.000020,0.000032,-0.000074,0.000083,15.5244,1.1861,0,,,,
50.200,-0.5001,92.1212,0.1187,0.1287,0.000020,0.000032,-0.000074,0.000083,15.5246,1.1861,0,,,,
50.224,-0.5003,92.1212,0.0454,-0.0912,0.000021,0.000032,-0.000074,0.000083,15.5244,1.1861,0,,,,
50.249,-0.5011,92.1212,-0.0625,-0.0544,0.000021,0.000032,-0.000074,0.000083,15.5246,1.1861,0,,,,
50.274,-0.5751,92.0102,-0.0664,-0.0160,0.000021,0.000032,-0.000074,0.000083,15.5244,1.1861,0,,,,
50.299,-0.5983,92.0102,-0.0460,0.1471,0.000021,0.000032,-0.000074,0.000083,15.5246,1.1861,0,,,,
50.324,-0.6101,92.0102,-0.0210,0.1253,0.000021,0.000032,-0.000074,0.000083,15.5244,1.1861,0,,,,
50.349,-0.6137,92.0102,0.0054,-0.0784,0.000020,0.000032,-0.000074,0.000083,15.5246,1.1861,0,,,,
50.374,-0.6117,92.0102,0.0960,0.0486,0.000020,0.000032,-0.000074,0.000083,15.5244,1.1861,0,,,,
50.399,-0.6125,92.0102,0.0904,-0.0746,0.000020,0.000032,-0.000074,0.000083,15.5246,1.1861,0,,,,
50.424,-0.6123,92.0102,0.0251,0.1618,0.000021,0.000032,-0.000074,0.000083,15.5244,1.1861,0,,,,
50.449,-0.6134,92.0102,-0.0778,-0.0798,0.000021,0.000032,-0.000074,0.000083,15.5246,1.1861,0,,,,
50.474,-0.6129,92.0102,0.0177,-0.0527,0.000021,0.000032,-0.000074,0.000083,15.5244,1.1861,0,,,,
50.499,-0.6121,92.0102,0.0414,0.0663,0.000021,0.000032,-0.000074,0.000083,15.5246,1.1861,0,,,,
50.524,-0.6861,91.8999,0.0543,0.1438,0.000021,0.000032,-0.000074,0.000083,15.5244,1.1861,0,,,,
50.549,-0.7155,91.8999,-0.0287,0.1311,0.000020,0.000032,-0.000074,0.000083,15.5245,1.1861,0,,,,
50.574,-0.7207,91.8999,0.0025,-0.0635,0.000021,0.000032,-0.000074,0.000083,15.5244,1.1861,0,,,,
50.599,-0.7220,91.8999,0.0267,0.0520,0.000020,0.000032,-0.000074,0.000083,15.5246,1.1861,0,,,,
50.626,-0.7227,91.8999,0.0042,-0.0847,0.000021,0.000032,-0.000074,0.000083,15.5244,1.1861,0,,,,
50.650,-0.7224,91.8999,0.0831,0.0786,0.000021,0.000032,-0.000074,0.000083,15.5246,1.1861,0,,,,
50.674,-0.7225,91.8999,0.1341,0.1757,0.000021,0.000032,-0.000074,0.000083,15.5244,1.1861,0,,,,
50.699,-0.7210,91.8999,0.0816,0.2351,0.000021,0.000032,-0.000074,0.000083,15.5245,1.1861,0,,,,
50.725,-0.7202,91.8999,0.0443,0.0188,0.000021,0.000032,-0.000074,0.000083,15.5245,1.1861,0,,,,
50.749,-0.7219,91.8999,0.0519,-0.0673,0.000020,0.000032,-0.000074,0.000083,15.5245,1.1861,0,,,,
50.774,-0.7970,91.7897,-0.0152,-0.1449,0.000021,0.000032,-0.000074,0.000083,15.5244,1.1861,0,,,,
50.799,-0.8209,91.7897,0.0631,0.0228,0.000021,0.000032,-0.000074,0.000083,15.5245,1.1861,0,,,,
50.824,-0.8302,91.7897,0.0034,0.0837,0.000021,0.000032,-0.000074,0.000083,15.5244,1.1861,0,,,,
50.849,-0.8329,91.7897,-0.0310,-0.0203,0.000021,0.000032,-0.000074,0.000083,15.5245,1.1861,0,,,,
50.874,-0.8328,91.7897,0.0118,0.1375,0.000020,0.000032,-0.000074,0.000083,15.5244,1.1861,0,,,,
50.899,-0.8334,91.7897,0.0094,-0.2249,0.000020,0.000032,-0.000074,0.000083,15.5245,1.1861,0,,,,
50.924,-0.8322,91.7897,0.1057,-0.0966,0.000021,0.000032,-0.000074,0.000083,15.5244,1.1861,0,,,,
50.949,-0.8330,91.7897,0.0632,-0.0144,0.000021,0.000032,-0.000074,0.000083,15.5245,1.1861,0,,,,
50.974,-0.8328,91.7897,0.0081,0.0650,0.000021,0.000032,-0.000074,0.000083,15.5244,1.1861,0,,,,
51.000,-0.8330,91.7897,0.0107,-0.1306,0.000021,0.000032,-0.000074,0.000083,15.5245,1.1861,0,,,,
51.024,-0.9065,91.6804,-0.0249,-0.1643,0.000021,0.000032,-0.000074,0.000083,15.5244,1.1861,0,,,,
51.049,-0.9307,91.6804,-0.0338,-0.2110,0.000021,0.000032,-0.000074,0.000083,15.5245,1.1861,0,,,,
51.074,-0.9418,91.6804,-0.0321,0.0180,0.000020,0.000032,-0.000074,0.000083,15.5244,1.1861,0,,,,
51.100,-0.9416,91.6804,0.0064,0.0517,0.000020,0.000032,-0.000074,0.000083,15.5245,1.1861,0,,,,
51.124,-0.9415,91.6804,0.0327,0.1307,0.000021,0.000032,-0.000074,0.000083,15.5244,1.1861,0,,,,
51.149,-0.9418,91.6804,0.0503,0.0846,0.000021,0.000032,-0.000074,0.000083,15.5245,1.1861,0,,,,
51.174,-0.9411,91.6804,0.1320,-0.0399,0.000021,0.000032,-0.000074,0.000083,15.5244,1.1861,0,,,,
51.199,-0.9406,91.6804,0.0011,0.0391,0.000021,0.000032,-0.000074,0.000083,15.5245,1.1861,0,,,,
51.224,-0.9413,91.6804,-0.0011,-0.0228,0.000021,0.000032,-0.000074,0.000083,15.5244,1.1861,0,,,,
51.250,-0.9407,91.6804,0.0753,0.0805,0.000020,0.000032,-0.000074,0.000083,15.5245,1.1861,0,,,,
51.274,-1.0148,91.5714,0.0780,-0.0011,0.000020,0.000032,-0.000074,0.000083,15.5244,1.1861,0,,,,
51.299,-1.0437,91.5714,0.0618,0.0566,0.000020,0.000032,-0.000074,0.000083,15.5245,1.1861,0,,,,
51.324,-1.0486,91.5714,-0.0528,-0.0294,0.000021,0.000032,-0.000074,0.000083,15.5244,1.1861,0,,,,
51.349,-1.0514,91.5714,-0.0652,-0.2772,0.000021,0.000032,-0.000074,0.000083,15.5245,1.1861,0,,,,
51.374,-1.0504,91.5714,-0.0274,-0.0251,0.000021,0.000032,-0.000074,0.000083,15.5244,1.1861,0,,,,
51.399,-1.0502,91.5714,0.0488,0.1120,0.000020,0.000032,-0.000074,0.000083,15.5245,1.1861,0,,,,
51.424,-1.0494,91.5714,0.0483,0.1299,0.000021,0.000032,-0.000074,0.000083,15.5244,1.1861,0,,,,
51.449,-1.0499,91.5714,0.0286,0.1261,0.000020,0.000032,-0.000074,0.000083,15.5245,1.1861,0,,,,
51.474,-1.0493,91.5714,0.0080,-0.0449,0.000021,0.000032,-0.000074,0.000083,15.5244,1.1861,0,,,,
51.499,-1.0503,91.5714,0.0116,0.0438,0.000021,0.000032,-0.000074,0.000083,15.5245,1.1861,0,,,,
51.524,-1.1234,91.4629,0.0266,-0.0066,0.000021,0.000032,-0.000074,0.000083,15.5244,1.1861,0,,,,
51.549,-1.1482,91.4629,0.0674,0.1605,0.000021,0.000032,-0.000074,0.000083,15.5245,1.1861,0,,,,
51.574,-1.1572,91.4629,0.0468,0.0651,0.000021,0.000032,-0.000074,0.000083,15.5244,1.1862,0,,,,
51.599,-1.1600,91.4629,-0.0321,-0.0154,0.000021,0.000032,-0.000074,0.000083,15.5245,1.1861,0,,,,
51.624,-1.1590,91.4629,0.0540,0.2370,0.000021,0.000032,-0.000074,0.000083,15.5244,1.1862,0,,,,
51.649,-1.1589,91.4629,0.0176,-0.0486,0.000021,0.000032,-0.000074,0.000083,15.5245,1.1861,0,,,,
51.674,-1.1587,91.4629,0.0437,-0.0230,0.000021,0.000032,-0.000074,0.000083,15.5244,1.1862,0,,,,
51.701,-1.1593,91.4629,-0.0144,-0.0408,0.000021,0.000032,-0.000074,0.000083,15.5245,1.1861,0,,,,
51.725,-1.1597,91.4629,-0.0274,0.0641,0.000021,0.000032,-0.000074,0.000083,15.5244,1.1862,0,,,,
51.749,-1.1600,91.4629,-0.0338,0.2244,0.000021,0.000032,-0.000074,0.000083,15.5245,1.1861,0,,,,
51.775,-1.2331,91.3547,0.0442,-0.0850,0.000020,0.000032,-0.000074,0.000083,15.5244,1.1862,0,,,,
51.799,-1.2574,91.3547,-0.0017,-0.1085,0.000020,0.000032,-0.000074,0.000083,15.5245,1.1861,0,,,,
51.824,-1.2656,91.3547,0.0429,0.1647,0.000021,0.000032,-0.000074,0.000083,15.5244,1.1862,0,,,,
51.850,-1.2657,91.3547,-0.0647,-0.0268,0.000021,0.000032,-0.000074,0.000083,15.5245,1.1861,0,,,,
51.874,-1.2674,91.3547,-0.0235,-0.0115,0.000021,0.000032,-0.000074,0.000083,15.5244,1.1862,0,,,,
51.899,-1.2672,91.3547,0.0623,-0.0375,0.000021,0.000032,-0.000074,0.000083,15.5245,1.1861,0,,,,
51.925,-1.2670,91.3547,0.0466,0.0873,0.000021,0.000032,-0.000074,0.000083,15.5244,1.1862,0,,,,
51.949,-1.2678,91.3547,0.0715,-0.0686,0.000021,0.000032,-0.000074,0.000083,15.5245,1.1861,0,,,,
51.974,-1.2675,91.3547,0.0862,0.1326,0.000020,0.000032,-0.000074,0.000083,15.5244,1.1862,0,,,,
52.000,-1.2664,91.3547,0.0551,0.0682,0.000020,0.000032,-0.000074,0.000083,15.5245,1.1861,0,,,,
52.025,-1.3403,91.2468,-0.0186,-0.0311,0.000021,0.000032,-0.000074,0.000083,15.5244,1.1862,0,,,,
52.050,-1.3692,91.2468,0.0192,-0.0014,0.000021,0.000032,-0.000074,0.000083,15.5245,1.1861,0,,,,
52.074,-1.3734,91.2468,0.0316,0.1251,0.000021,0.000032,-0.000074,0.000083,15.5244,1.1862,0,,,,
52.099,-1.3762,91.2468,-0.0240,-0.2504,0.000021,0.000032,-0.000074,0.000083,15.5245,1.1861,0,,,,
52.124,-1.3770,91.2468,-0.0073,-0.0450,0.000021,0.000032,-0.000074,0.000083,15.5244,1.1862,0,,,,
52.149,-1.3754,91.2468,0.0588,-0.0042,0.000021,0.000032,-0.000074,0.000083,15.5245,1.1861,0,,,,
52.174,-1.3754,91.2468,0.0625,0.0235,0.000020,0.000032,-0.000074,0.000083,15.5244,1.1862,0,,,,
52.199,-1.3748,91.2468,0.0458,-0.0826,0.000020,0.000032,-0.000074,0.000083,15.5245,1.1862,0,,,,
52.224,-1.3753,91.2468,0.0755,-0.1368,0.000021,0.000032,-0.000074,0.000083,15.5244,1.1862,0,,,,
52.250,-1.3753,91.2468,0.0306,0.0269,0.000021,0.000032,-0.000074,0.000083,15.5245,1.1861,0,,,,
52.274,-1.4477,91.1395,0.0804,0.0174,0.000021,0.000032,-0.000074,0.000083,15.5244,1.1862,0,,,,
52.300,-1.4713,91.1395,0.0548,0.0065,0.000020,0.000032,-0.000074,0.000083,15.5245,1.1862,0,,,,
52.325,-1.4784,91.1395,0.0953,0.0342,0.000020,0.000032,-0.000074,0.000083,15.5244,1.1862,0,,,,
52.349,-1.4815,91.1395,0.1216,0.0279,0.000020,0.000032,-0.000074,0.000083,15.5245,1.1862,0,,,,
52.374,-1.4811,91.1395,-0.0778,-0.1502,0.000020,0.000032,-0.000074,0.000083,15.5244,1.1862,0,,,,
52.401,-1.4845,91.1395,-0.0373,0.1963,0.000021,0.000032,-0.000074,0.000083,15.5245,1.1862,0,,,,
52.425,-1.4832,91.1395,-0.0365,0.0297,0.000021,0.000032,-0.000074,0.000083,15.5244,1.1862,0,,,,
52.451,-1.4834,91.1395,0.0759,-0.0213,0.000021,0.000032,-0.000074,0.000083,15.5245,1.1862,0,,,,
52.475,-1.4822,91.1395,0.1629,0.2148,0.000021,0.000032,-0.000074,0.000083,15.5244,1.1862,0,,,,
52.500,-1.4818,91.1395,0.1256,0.0234,0.000020,0.000032,-0.000074,0.000083,15.5245,1.1862,0,,,,
52.524,-1.5540,91.0326,0.0111,-0.0825,0.000021,0.000032,-0.000074,0.000083,15.5244,1.1862,0,,,,
52.550,-1.5782,91.0326,0.0661,-0.0190,0.000020,0.000032,-0.000074,0.000083,15.5245,1.1862,0,,,,
52.575,-1.5899,91.0326,0.0128,-0.0395,0.000020,0.000032,-0.000074,0.000083,15.5244,1.1862,0,,,,
52.600,-1.5915,91.0326,0.0000,0.2058,0.000021,0.000032,-0.000074,0.000083,15.5245,1.1862,0,,,,
52.624,-1.5894,91.0326,0.0023,0.2385,0.000021,0.000032,-0.000074,0.000083,15.5244,1.1862,0,,,,
52.650,-1.5902,91.0326,0.0282,-0.0737,0.000021,0.000032,-0.000074,0.000083,15.5245,1.1862,0,,,,
52.674,-1.5903,91.0326,-0.0061,0.0286,0.000021,0.000032,-0.000074,0.000083,15.5244,1.1862,0,,,,
52.699,-1.5878,91.0326,0.0727,0.1576,0.000020,0.000032,-0.000074,0.000083,15.5245,1.1862,0,,,,
52.724,-1.5882,91.0326,0.0034,-0.0104,0.000021,0.000032,-0.000074,0.000083,15.5244,1.1862,0,,,,
52.750,-1.5892,91.0326,0.0640,0.0485,0.000021,0.000032,-0.000074,0.000083,15.5245,1.1862,0,,,,
52.774,-1.6615,90.9261,0.0914,0.1458,0.000021,0.000032,-0.000074,0.000083,15.5244,1.1862,0,,,,
52.799,-1.6889,90.9261,0.0190,0.0622,0.000021,0.000032,-0.000074,0.000083,15.5245,1.1862,0,,,,
52.825,-1.6944,90.9261,0.0137,-0.0098,0.000021,0.000032,-0.000074,0.000083,15.5244,1.1862,0,,,,
52.849,-1.6948,90.9261,0.0673,-0.0436,0.000021,0.000032,-0.000074,0.000083,15.5245,1.1862,0,,,,
52.874,-1.6946,90.9261,-0.0273,-0.0807,0.000021,0.000032,-0.000074,0.000083,15.5244,1.1862,0,,,,
52.899,-1.6962,90.9261,-0.0273,-0.1243,0.000020,0.000032,-0.000074,0.000083,15.5245,1.1862,0,,,,
52.925,-1.6970,90.9261,0.0736,0.0186,0.000021,0.000032,-0.000074,0.000083,15.5244,1.1862,0,,,,
52.949,-1.6960,90.9261,0.0028,-0.0328,0.000021,0.000032,-0.000074,0.000083,15.5245,1.1862,0,,,,
52.974,-1.6967,90.9261,0.0219,0.0239,0.000021,0.000032,-0.000074,0.000083,15.5244,1.1862,0,,,,
52.999,-1.6964,90.9261,-0.0390,-0.0084,0.000021,0.000032,-0.000074,0.000083,15.5245,1.1862,0,,,,
53.024,-1.7689,90.8198,-0.0145,0.1178,0.000021,0.000032,-0.000074,0.000083,15.5244,1.1862,0,,,,
53.050,-1.7909,90.8198,0.0056,-0.2757,0.000021,0.000032,-0.000074,0.000083,15.5245,1.1862,0,,,,
53.074,-1.8009,90.8198,-0.0221,-0.0022,0.000020,0.000032,-0.000074,0.000083,15.5244,1.1862,0,,,,
53.100,-1.8024,90.8198,0.0377,0.1194,0.000020,0.000032,-0.000074,0.000083,15.5245,1.1862,0,,,,
53.124,-1.8012,90.8198,0.0579,0.0341,0.000021,0.000032,-0.000074,0.000083,15.5244,1.1862,0,,,,
53.149,-1.8013,90.8198,0.0188,-0.0012,0.000021,0.000032,-0.000074,0.000083,15.5245,1.1862,0,,,,
53.174,-1.8022,90.8198,0.0094,0.0322,0.000021,0.000032,-0.000074,0.000083,15.5244,1.1862,0,,,,
53.200,-1.8028,90.8198,-0.0045,-0.0224,0.000021,0.000032,-0.000074,0.000083,15.5245,1.1862,0,,,,
53.225,-1.8019,90.8198,0.0587,-0.2899,0.000021,0.000032,-0.000074,0.000083,15.5244,1.1862,0,,,,
53.249,-1.8032,90.8198,0.0454,0.0888,0.000020,0.000032,-0.000074,0.000083,15.5245,1.1862,0,,,,
53.274,-1.8738,90.7140,0.0303,0.0983,0.000020,0.000032,-0.000074,0.000083,15.5244,1.1862,0,,,,
53.299,-1.8979,90.7140,0.0090,-0.0098,0.000021,0.000032,-0.000074,0.000083,15.5245,1.1862,0,,,,
53.324,-1.9064,90.7140,0.0226,-0.0098,0.000021,0.000032,-0.000074,0.000083,15.5244,1.1862,0,,,,
53.350,-1.9086,90.7140,-0.0101,-0.0159,0.000021,0.000032,-0.000074,0.000083,15.5245,1.1862,0,,,,
53.374,-1.9074,90.7140,0.1425,0.0492,0.000021,0.000032,-0.000074,0.000083,15.5244,1.1862,0,,,,
53.400,-1.9083,90.7140,0.0196,-0.0921,0.000021,0.000032,-0.000074,0.000083,15.5245,1.1862,0,,,,
53.424,-1.9087,90.7140,0.0617,0.0207,0.000021,0.000032,-0.000074,0.000083,15.5244,1.1862,0,,,,
53.453,-1.9086,90.7140,0.0047,-0.0944,0.000021,0.000032,-0.000074,0.000083,15.5245,1.1862,0,,,,
53.474,-1.9086,90.7140,0.0324,0.0228,0.000021,0.000032,-0.000074,0.000083,15.5244,1.1862,0,,,,
53.501,-1.9112,90.7140,0.0826,0.0069,0.000021,0.000032,-0.000074,0.000083,15.5245,1.1862,0,,,,
53.524,-1.9802,90.6087,0.0106,0.0678,0.000021,0.000032,-0.000074,0.000083,15.5244,1.1862,0,,,,
53.549,-2.0067,90.6087,0.0820,-0.0151,0.000021,0.000032,-0.000074,0.000083,15.5244,1.1862,0,,,,
53.574,-2.0110,90.6087,0.0826,-0.0328,0.000020,0.000032,-0.000074,0.000083,15.5244,1.1862,0,,,,
53.599,-2.0128,90.6087,0.0208,-0.0729,0.000021,0.000032,-0.000074,0.000083,15.5244,1.1862,0,,,,
53.624,-2.0133,90.6087,-0.0245,-0.0658,0.000021,0.000032,-0.000074,0.000083,15.5244,1.1862,0,,,,
53.649,-2.0126,90.6087,0.0767,-0.0072,0.000021,0.000032,-0.000074,0.000083,15.5244,1.1862,0,,,,
53.675,-2.0136,90.6087,0.0351,0.0609,0.000021,0.000032,-0.000074,0.000083,15.5244,1.1862,0,,,,
53.699,-2.0134,90.6087,0.0318,0.1177,0.000021,0.000032,-0.000074,0.000083,15.5244,1.1862,0,,,,
53.724,-2.0137,90.6087,0.0218,0.1402,0.000021,0.000032,-0.000074,0.000083,15.5244,1.1862,0,,,,
53.749,-2.0137,90.6087,0.0076,-0.1064,0.000021,0.000032,-0.000074,0.000083,15.5244,1.1862,0,,,,
53.774,-2.0844,90.5036,0.0204,-0.0041,0.000020,0.000032,-0.000074,0.000083,15.5244,1.1862,0,,,,
53.800,-2.1068,90.5036,0.0700,-0.0182,0.000020,0.000032,-0.000074,0.000083,15.5244,1.1862,0,,,,
53.824,-2.1172,90.5036,0.0635,-0.0119,0.000021,0.000032,-0.000074,0.000083,15.5244,1.1862,0,,,,
53.849,-2.1191,90.5036,-0.0094,-0.0388,0.000021,0.000032,-0.000074,0.000083,15.5244,1.1862,0,,,,
53.874,-2.1182,90.5036,-0.0254,-0.1188,0.000021,0.000032,-0.000074,0.000083,15.5244,1.1862,0,,,,
53.899,-2.1186,90.5036,0.0449,-0.0583,0.000021,0.000032,-0.000074,0.000083,15.5244,1.1862,0,,,,
53.924,-2.1185,90.5036,0.0873,0.1601,0.000021,0.000032,-0.000074,0.000083,15.5244,1.1862,0,,,,
53.951,-2.1157,90.5036,0.1011,-0.0532,0.000020,0.000032,-0.000074,0.000083,15.5244,1.1862,0,,,,
53.974,-2.1187,90.5036,0.0169,0.1161,0.000020,0.000032,-0.000074,0.000083,15.5244,1.1862,0,,,,
53.999,-2.1185,90.5036,0.0112,-0.1181,0.000021,0.000032,-0.000074,0.000083,15.5244,1.1862,0,,,,
54.024,-2.1898,90.3989,-0.0441,-0.0341,0.000021,0.000032,-0.000074,0.000083,15.5244,1.1862,0,,,,
54.050,-2.2131,90.3989,0.0147,-0.0761,0.000021,0.000032,-0.000074,0.000083,15.5244,1.1862,0,,,,
54.074,-2.2220,90.3989,0.0598,0.0373,0.000021,0.000032,-0.000074,0.000083,15.5244,1.1862,0,,,,
54.100,-2.2228,90.3989,-0.0015,0.0054,0.000021,0.000032,-0.000074,0.000083,15.5244,1.1862,0,,,,
54.124,-2.2218,90.3989,0.0245,0.0287,0.000021,0.000032,-0.000074,0.000083,15.5244,1.1862,0,,,,
54.149,-2.2233,90.3989,0.0311,-0.0620,0.000020,0.000032,-0.000074,0.000083,15.5244,1.1862,0,,,,
54.175,-2.2225,90.3989,-0.0323,-0.1342,0.000021,0.000032,-0.000074,0.000083,15.5244,1.1862,0,,,,
54.200,-2.2234,90.3989,0.0940,-0.0550,0.000021,0.000032,-0.000074,0.000083,15.5244,1.1862,0,,,,
54.224,-2.2224,90.3989,0.0542,0.0126,0.000021,0.000032,-0.000074,0.000083,15.5244,1.1862,0,,,,
54.250,-2.2224,90.3989,0.0725,0.0085,0.000021,0.000032,-0.000074,0.000083,15.5244,1.1862,0,,,,
54.274,-2.2933,90.2948,0.0508,0.1652,0.000021,0.000032,-0.000074,0.000083,15.5244,1.1862,0,,,,
54.299,-2.3205,90.2948,-0.0048,0.0604,0.000020,0.000032,-0.000074,0.000083,15.5244,1.1862,0,,,,
54.325,-2.3254,90.2948,0.0973,-0.0477,0.000021,0.000032,-0.000074,0.000083,15.5244,1.1862,0,,,,
54.349,-2.3260,90.2948,0.1073,0.1832,0.000021,0.000032,-0.000074,0.000083,15.5244,1.1862,0,,,,
54.374,-2.3262,90.2948,0.0386,0.1233,0.000021,0.000032,-0.000074,0.000083,15.5244,1.1862,0,,,,
54.400,-2.3259,90.2948,0.0579,-0.1313,0.000021,0.000032,-0.000074,0.000083,15.5244,1.1862,0,,,,
54.424,-2.3273,90.2948,-0.0339,-0.1575,0.000021,0.000032,-0.000074,0.000083,15.5244,1.1862,0,,,,
54.449,-2.3277,90.2948,-0.0470,0.0782,0.000021,0.000032,-0.000074,0.000083,15.5244,1.1862,0,,,,
54.474,-2.3279,90.2948,0.0496,0.0934,0.000021,0.000032,-0.000074,0.000083,15.5244,1.1862,0,,,,
54.499,-2.3259,90.2948,0.0774,0.0478,0.000021,0.000032,-0.000074,0.000083,15.5244,1.1862,0,,,,
54.525,-2.3964,90.1909,0.0912,0.0538,0.000021,0.000032,-0.000074,0.000083,15.5244,1.1862,0,,,,
54.551,-2.4218,90.1909,0.0111,-0.0284,0.000021,0.000032,-0.000074,0.000083,15.5244,1.1862,0,,,,
54.574,-2.4298,90.1909,0.0225,0.0317,0.000021,0.000032,-0.000074,0.000083,15.5244,1.1862,0,,,,
54.599,-2.4316,90.1909,0.0593,-0.1766,0.000021,0.000032,-0.000074,0.000083,15.5244,1.1862,0,,,,
54.624,-2.4319,90.1909,-0.0082,0.0724,0.000021,0.000032,-0.000074,0.000083,15.5244,1.1862,0,,,,
54.649,-2.4309,90.1909,0.0380,0.0434,0.000021,0.000032,-0.000074,0.000083,15.5244,1.1862,0,,,,
54.674,-2.4311,90.1909,0.0263,-0.0631,0.000021,0.000032,-0.000074,0.000083,15.5244,1.1862,0,,,,
54.702,-2.4307,90.1909,0.1472,0.0304,0.000021,0.000032,-0.000074,0.000083,15.5244,1.1862,0,,,,
54.724,-2.4315,90.1909,0.0868,0.1381,0.000021,0.000032,-0.000074,0.000083,15.5244,1.1862,0,,,,
54.750,-2.4297,90.1909,0.1564,-0.0001,0.000021,0.000032,-0.000074,0.000083,15.5244,1.1862,0,,,,
54.774,-2.5011,90.0874,0.0492,0.0041,0.000021,0.000032,-0.000074,0.000083,15.5244,1.1862,0,,,,
54.800,-2.5242,90.0874,0.0686,0.0148,0.000021,0.000032,-0.000074,0.000083,15.5244,1.1862,0,,,,
54.824,-2.5326,90.0874,0.0190,0.0281,0.000021,0.000032,-0.000074,0.000083,15.5244,1.1862,0,,,,
54.849,-2.5340,90.0874,0.0495,-0.0675,0.000021,0.000032,-0.000074,0.000083,15.5244,1.1862,0,,,,
54.874,-2.5348,90.0874,-0.0147,-0.1956,0.000020,0.000032,-0.000074,0.000083,15.5244,1.1862,0,,,,
54.899,-2.5355,90.0874,0.0298,-0.0917,0.000021,0.000032,-0.000074,0.000083,15.5244,1.1862,0,,,,
54.924,-2.5341,90.0874,0.0836,-0.1003,0.000021,0.000032,-0.000074,0.000083,15.5244,1.1862,0,,,,
54.949,-2.5352,90.0874,0.1725,-0.0421,0.000021,0.000032,-0.000074,0.000083,15.5244,1.1862,0,,,,
54.974,-2.5345,90.0874,0.0733,-0.0435,0.000021,0.000032,-0.000074,0.000083,15.5244,1.1862,0,,,,
55.000,-2.5342,90.0874,-0.0093,0.0318,0.000020,0.000032,-0.000074,0.000083,15.5244,1.1862,0,,,,
55.024,-2.6055,89.9842,-0.0376,0.1227,0.000021,0.000032,-0.000074,0.000083,15.5244,1.1862,0,,,,
55.049,-2.6325,89.9842,-0.0373,-0.0009,0.000020,0.000032,-0.000074,0.000083,15.5244,1.1862,0,,,,
55.074,-2.6364,89.9842,0.0608,0.2008,0.000021,0.000032,-0.000074,0.000083,15.5244,1.1862,0,,,,
55.099,-2.6362,89.9842,0.1084,-0.0294,0.000021,0.000032,-0.000074,0.000083,15.5244,1.1862,0,,,,
55.124,-2.6360,89.9842,0.0523,0.0402,0.000021,0.000032,-0.000074,0.000083,15.5244,1.1862,0,,,,
55.149,-2.6366,89.9842,0.0312,-0.1306,0.000021,0.000032,-0.000074,0.000083,15.5244,1.1862,0,,,,
55.174,-2.6379,89.9842,0.0081,-0.0460,0.000021,0.000032,-0.000074,0.000083,15.5244,1.1862,0,,,,
55.199,-2.6390,89.9842,0.0033,-0.0769,0.000020,0.000032,-0.000074,0.000083,15.5244,1.1862,0,,,,
55.224,-2.6390,89.9842,0.0196,0.0752,0.000021,0.000032,-0.000074,0.000083,15.5244,1.1862,0,,,,
55.249,-2.6369,89.9842,0.0417,0.2140,0.000021,0.000032,-0.000074,0.000083,15.5244,1.1862,0,,,,
55.274,-2.7080,89.8813,0.0361,-0.0517,0.000021,0.000032,-0.000074,0.000083,15.5244,1.1862,0,,,,
55.300,-2.7304,89.8813,0.0051,-0.1530,0.000021,0.000032,-0.000074,0.000083,15.5244,1.1862,0,,,,
55.324,-2.7394,89.8813,0.0092,0.0232,0.000021,0.000032,-0.000074,0.000083,15.5244,1.1862,0,,,,
55.350,-2.7405,89.8813,0.0629,0.2303,0.000021,0.000032,-0.000074,0.000083,15.5244,1.1862,0,,,,
